#0 building with "default" instance using docker driver

#1 [internal] load build definition from Dockerfile
#1 transferring dockerfile: 1.69kB done
#1 DONE 0.0s

#2 [internal] load metadata for ghcr.io/screamlab/wildbot_base_image:latest
#2 DONE 0.0s

#3 [internal] load .dockerignore
#3 transferring context: 2B done
#3 DONE 0.0s

#4 [1/8] FROM ghcr.io/screamlab/wildbot_base_image:latest@sha256:921a5a59f32cddbe5fd0b3c06cd95ef6164949cb28832617f1053937fcdb4f1f
#4 resolve ghcr.io/screamlab/wildbot_base_image:latest@sha256:921a5a59f32cddbe5fd0b3c06cd95ef6164949cb28832617f1053937fcdb4f1f 0.0s done
#4 DONE 0.0s

#5 [internal] load build context
#5 transferring context: 332.94kB 0.2s done
#5 DONE 0.2s

#4 [1/8] FROM ghcr.io/screamlab/wildbot_base_image:latest@sha256:921a5a59f32cddbe5fd0b3c06cd95ef6164949cb28832617f1053937fcdb4f1f
#4 CACHED

#6 [2/8] COPY . /tmp
#6 DONE 0.7s

#7 [3/8] WORKDIR /tmp
#7 DONE 0.1s

#8 [4/8] RUN apt-get update &&     apt-get install -y --no-install-recommends         python3-pip         ros-jazzy-cv-bridge         ros-jazzy-sensor-msgs         ros-jazzy-demo-nodes-py         ros-jazzy-demo-nodes-cpp         ros-jazzy-behaviortree-cpp         ros-jazzy-nav2-bringup         ros-jazzy-nav2-msgs         ros-jazzy-rclcpp-action         ros-jazzy-tf2-ros         ros-jazzy-tf2-geometry-msgs         ros-jazzy-robot-localization         ros-jazzy-cartographer         ros-jazzy-cartographer-ros         ros-jazzy-laser-filters         ros-jazzy-slam-toolbox &&     rosdep update --rosdistro jazzy &&     colcon mixin update &&     colcon metadata update
#8 0.596 Get:1 http://archive.ubuntu.com/ubuntu noble InRelease [256 kB]
#8 0.604 Get:2 http://security.ubuntu.com/ubuntu noble-security InRelease [126 kB]
#8 0.763 Get:3 http://packages.ros.org/ros2/ubuntu noble InRelease [4676 B]
#8 1.088 Get:4 http://packages.ros.org/ros2/ubuntu noble/main Sources [2002 kB]
#8 1.179 Get:5 http://archive.ubuntu.com/ubuntu noble-updates InRelease [126 kB]
#8 1.376 Get:6 http://security.ubuntu.com/ubuntu noble-security/restricted amd64 Packages [1308 kB]
#8 1.618 Get:7 http://security.ubuntu.com/ubuntu noble-security/main amd64 Packages [963 kB]
#8 1.755 Get:8 http://security.ubuntu.com/ubuntu noble-security/multiverse amd64 Packages [43.8 kB]
#8 1.759 Get:9 http://security.ubuntu.com/ubuntu noble-security/universe amd64 Packages [1485 kB]
#8 2.091 Get:10 http://archive.ubuntu.com/ubuntu noble-backports InRelease [126 kB]
#8 2.267 Get:11 http://archive.ubuntu.com/ubuntu noble/universe amd64 Packages [19.3 MB]
#8 4.236 Get:12 http://packages.ros.org/ros2/ubuntu noble/main amd64 Packages [1877 kB]
#8 4.873 Get:13 http://archive.ubuntu.com/ubuntu noble/restricted amd64 Packages [117 kB]
#8 4.898 Get:14 http://archive.ubuntu.com/ubuntu noble/main amd64 Packages [1808 kB]
#8 5.119 Get:15 http://archive.ubuntu.com/ubuntu noble/multiverse amd64 Packages [331 kB]
#8 5.141 Get:16 http://archive.ubuntu.com/ubuntu noble-updates/multiverse amd64 Packages [49.5 kB]
#8 5.154 Get:17 http://archive.ubuntu.com/ubuntu noble-updates/restricted amd64 Packages [1383 kB]
#8 5.294 Get:18 http://archive.ubuntu.com/ubuntu noble-updates/universe amd64 Packages [2107 kB]
#8 5.518 Get:19 http://archive.ubuntu.com/ubuntu noble-updates/main amd64 Packages [1283 kB]
#8 5.659 Get:20 http://archive.ubuntu.com/ubuntu noble-backports/universe amd64 Packages [35.9 kB]
#8 5.659 Get:21 http://archive.ubuntu.com/ubuntu noble-backports/main amd64 Packages [48.9 kB]
#8 5.659 Get:22 http://archive.ubuntu.com/ubuntu noble-backports/multiverse amd64 Packages [671 B]
#8 5.994 Fetched 34.8 MB in 6s (6138 kB/s)
#8 5.994 Reading package lists...
#8 7.155 Reading package lists...
#8 8.312 Building dependency tree...
#8 8.645 Reading state information...
#8 9.001 python3-pip is already the newest version (24.0+dfsg-1ubuntu1.3).
#8 9.001 The following package was automatically installed and is no longer required:
#8 9.002   libheif-plugin-libde265
#8 9.002 Use 'apt autoremove' to remove it.
#8 9.003 The following additional packages will be installed:
#8 9.003   ca-certificates-java comerr-dev cppzmq-dev default-jdk default-jdk-headless
#8 9.003   default-jre default-jre-headless default-libmysqlclient-dev fonts-open-sans
#8 9.003   freeglut3-dev gir1.2-ibus-1.0 glslang-dev glslc
#8 9.003   graphicsmagick-libmagick-dev-compat hdf5-helpers java-common krb5-multidev
#8 9.003   libabsl-dev libabsl20220623t64 libaec-dev libamd3 libaom-dev
#8 9.003   libarmadillo-dev libarpack2-dev libasound2-data libasound2-dev libasound2t64
#8 9.003   libass9 libasyncns0 libavc1394-0 libavdevice-dev libavdevice60
#8 9.003   libavfilter-dev libavfilter9 libbenchmark-dev libbenchmark1.8.3 libblas-dev
#8 9.003   libblkid-dev libblosc-dev libbs2b0 libbsd-dev libbtf2 libcaca0
#8 9.003   libcairo-script-interpreter2 libcairo2-dev libcamd3 libccd-dev libccd2
#8 9.003   libccolamd3 libcdio-cdda2t64 libcdio-paranoia2t64 libcdio19t64 libceres-dev
#8 9.003   libceres4t64 libcfitsio-dev libcholmod5 libclang1-15t64 libcli11-dev
#8 9.003   libcolamd3 libcxsparse4 libdav1d-dev libdbus-1-dev libde265-dev libdecor-0-0
#8 9.003   libdecor-0-dev libdouble-conversion-dev libdrm-amdgpu1 libdrm-common
#8 9.003   libdrm-dev libdrm-intel1 libdrm-nouveau2 libdrm-radeon1 libdrm2 libegl-mesa0
#8 9.003   libfcl-dev libfcl0.7 libffi-dev libfftw3-double3 libflac12t64 libflann-dev
#8 9.004   libflann1.9 libflite1 libfontconfig-dev libfreeimage-dev libfreeimage3
#8 9.004   libfreexl-dev libfyba-dev libgbm-dev libgbm1 libgdal-dev
#8 9.004   libgeographiclib-dev libgeographiclib26 libgeos-dev libgeotiff-dev
#8 9.004   libgif-dev libgirepository-2.0-0 libgl1-mesa-dev libgl1-mesa-dri
#8 9.004   libgl2ps-dev libglib2.0-bin libglib2.0-data libglib2.0-dev
#8 9.004   libglib2.0-dev-bin libglut-dev libglut3.12 libglx-mesa0
#8 9.004   libgraphics-magick-perl libgraphicsmagick++-q16-12t64
#8 9.004   libgraphicsmagick++1-dev libgraphicsmagick-q16-3t64 libgraphicsmagick1-dev
#8 9.004   libgssrpc4t64 libgts-dev libhdf4-alt-dev libhdf5-cpp-103-1t64 libhdf5-dev
#8 9.004   libhdf5-fortran-102t64 libhdf5-hl-cpp-100t64 libhdf5-hl-fortran-100t64
#8 9.004   libhdf5-mpi-dev libhdf5-openmpi-103-1t64 libhdf5-openmpi-cpp-103-1t64
#8 9.004   libhdf5-openmpi-dev libhdf5-openmpi-fortran-102t64 libhdf5-openmpi-hl-100t64
#8 9.004   libhdf5-openmpi-hl-cpp-100t64 libhdf5-openmpi-hl-fortran-100t64 libheif-dev
#8 9.004   libheif-plugin-aomdec libheif-plugin-libde265 libheif1 libhwy-dev libhyphen0
#8 9.004   libibus-1.0-5 libibus-1.0-dev libiec61883-0 libjack-jackd2-0 libjson-c-dev
#8 9.004   libjsoncpp-dev libjxl-dev libjxr0t64 libkadm5clnt-mit12 libkadm5srv-mit12
#8 9.004   libkdb5-10t64 libklu2 libkml-dev libkmlconvenience1t64 libkmlregionator1t64
#8 9.004   libkmlxsd1t64 libkrb5-dev liblapack-dev liblcms2-2 liblcms2-dev libldl3
#8 9.004   liblilv-0-0 libllvm15t64 liblua5.2-0 liblua5.2-dev liblzo2-2 libmd-dev
#8 9.004   libminizip-dev libmount-dev libmysofa1 libmysqlclient-dev libmysqlclient21
#8 9.004   libnanoflann-dev libnetcdf-dev libnorm-dev libnss-systemd liboctomap-dev
#8 9.004   liboctomap1.9t64 libodbccr2 libode-dev libode8t64 libogdi-dev
#8 9.004   libogre-1.9-dev libogre-1.9.0t64 libomp-18-dev libomp-dev libomp5-18
#8 9.004   libopenal-data libopenal1 libopenjp2-7 libopenjp2-7-dev libopenni-dev
#8 9.004   libopenni0t64 libpam-systemd libparu0 libpcap0.8t64 libpciaccess-dev
#8 9.004   libpcl-apps1.14 libpcl-common1.14 libpcl-dev libpcl-features1.14
#8 9.004   libpcl-filters1.14 libpcl-io1.14 libpcl-kdtree1.14 libpcl-keypoints1.14
#8 9.004   libpcl-ml1.14 libpcl-octree1.14 libpcl-outofcore1.14 libpcl-people1.14
#8 9.004   libpcl-recognition1.14 libpcl-registration1.14 libpcl-sample-consensus1.14
#8 9.004   libpcl-search1.14 libpcl-segmentation1.14 libpcl-stereo1.14
#8 9.004   libpcl-surface1.14 libpcl-tracking1.14 libpcl-visualization1.14 libpcre16-3
#8 9.004   libpcre2-32-0 libpcre2-dev libpcre3 libpcre3-dev libpcre32-3 libpcrecpp0v5
#8 9.004   libpcsclite1 libpgm-dev libpixman-1-dev libplacebo338 libpocketsphinx3
#8 9.004   libpoco-dev libpocoactiverecord80t64 libpococrypto80t64 libpocodata80t64
#8 9.004   libpocodatamysql80t64 libpocodataodbc80t64 libpocodatapostgresql80t64
#8 9.004   libpocodatasqlite80t64 libpocoencodings80t64 libpocofoundation80t64
#8 9.004   libpocojson80t64 libpocojwt80t64 libpocomongodb80t64 libpoconet80t64
#8 9.004   libpoconetssl80t64 libpocoredis80t64 libpocoutil80t64 libpocoxml80t64
#8 9.004   libpocozip80t64 libpoppler-dev libpoppler-private-dev libpoppler134
#8 9.004   libpostproc-dev libpostproc57 libpq-dev libpq5 libproj-dev libprotobuf-dev
#8 9.004   libprotobuf-lite32t64 libprotoc-dev libprotoc32t64 libpulse-dev
#8 9.004   libpulse-mainloop-glib0 libpulse0 libqhull-dev libqhull8.0 libqhullcpp8.0
#8 9.004   libqt5charts5 libqt5designercomponents5 libqt5location5
#8 9.004   libqt5location5-plugins libqt5positioning5 libqt5positioning5-plugins
#8 9.004   libqt5positioningquick5 libqt5qmlworkerscript5 libqt5quickcontrols2-5
#8 9.004   libqt5quickparticles5 libqt5quickshapes5 libqt5quicktemplates2-5
#8 9.004   libqt5quicktest5 libqt5quickwidgets5 libqt5sensors5 libqt5serialport5
#8 9.004   libqt5webchannel5 libqt5webkit5 libqt5webkit5-dev libraw23t64 librbio4
#8 9.004   libreadline-dev librttopo-dev librubberband2 libsamplerate0
#8 9.004   libsamplerate0-dev libsdl2-2.0-0 libsdl2-dev libselinux1-dev libsepol-dev
#8 9.004   libserd-0-0 libshaderc-dev libshaderc1 libslang2 libsndfile1 libsndio-dev
#8 9.004   libsndio7.0 libsodium-dev libsord-0-0 libspatialite-dev libspex2
#8 9.004   libsphinxbase3t64 libspqr4 libsratom-0-0 libsuitesparse-dev
#8 9.004   libsuitesparse-mongoose3 libsuitesparseconfig7 libsuperlu-dev
#8 9.004   libsystemd-shared libsystemd0 libtinyxml2.6.2v5 libtirpc-dev libudev-dev
#8 9.004   libudev1 libumfpack6 libunibreak5 liburdfdom-dev liburdfdom-model-state4.0
#8 9.004   liburdfdom-model4.0 liburdfdom-sensor4.0 liburdfdom-world4.0
#8 9.004   liburiparser-dev libutfcpp-dev libvidstab1.1 libvtk9-dev libvtk9-java
#8 9.004   libvtk9-qt-dev libvtk9.1t64-qt libwayland-bin libwayland-dev libwmf-0.2-7
#8 9.004   libwmf-dev libwmflite-0.2-7 libwoff1 libx11-xcb-dev libx265-dev
#8 9.004   libxcb-randr0-dev libxcb-render0-dev libxcb-shm0-dev libxcursor-dev
#8 9.004   libxerces-c-dev libxfixes-dev libxft-dev libxi-dev libxinerama-dev
#8 9.004   libxkbcommon-dev libxml2-dev libxsimd-dev libxss-dev libxtensor-dev
#8 9.004   libxv-dev libxv1 libxxf86vm-dev libzimg2 libzip-dev libzip4t64 libzix-0-0
#8 9.004   libzmq3-dev libzzip-0-13t64 libzzip-dev mesa-libgallium mesa-va-drivers
#8 9.004   mesa-vdpau-drivers mesa-vulkan-drivers openjdk-21-jdk
#8 9.005   openjdk-21-jdk-headless openjdk-21-jre openjdk-21-jre-headless
#8 9.005   protobuf-compiler python3-mpi4py python3-protobuf python3-vtk9 qdoc-qt5
#8 9.005   qhelpgenerator-qt5 qml-module-qt-labs-folderlistmodel
#8 9.005   qml-module-qt-labs-platform qml-module-qt-labs-settings qml-module-qtcharts
#8 9.005   qml-module-qtgraphicaleffects qml-module-qtlocation qml-module-qtpositioning
#8 9.005   qml-module-qtqml qml-module-qtqml-models2 qml-module-qtquick-controls
#8 9.005   qml-module-qtquick-controls2 qml-module-qtquick-dialogs
#8 9.005   qml-module-qtquick-extras qml-module-qtquick-layouts
#8 9.005   qml-module-qtquick-privatewidgets qml-module-qtquick-templates2
#8 9.005   qml-module-qtquick-window2 qml-module-qtquick2 qt5-assistant
#8 9.005   qt5-qmltooling-plugins qtattributionsscanner-qt5 qtdeclarative5-dev
#8 9.005   qtdeclarative5-dev-tools qtquickcontrols2-5-dev qttools5-dev
#8 9.005   qttools5-dev-tools qttools5-private-dev rapidjson-dev
#8 9.005   ros-jazzy-actuator-msgs ros-jazzy-bond ros-jazzy-bondcpp
#8 9.005   ros-jazzy-cartographer-ros-msgs ros-jazzy-costmap-queue ros-jazzy-dwb-core
#8 9.005   ros-jazzy-dwb-critics ros-jazzy-dwb-msgs ros-jazzy-dwb-plugins
#8 9.005   ros-jazzy-example-interfaces ros-jazzy-geographic-msgs ros-jazzy-gps-msgs
#8 9.005   ros-jazzy-gz-common-vendor ros-jazzy-gz-dartsim-vendor
#8 9.005   ros-jazzy-gz-fuel-tools-vendor ros-jazzy-gz-gui-vendor
#8 9.005   ros-jazzy-gz-msgs-vendor ros-jazzy-gz-ogre-next-vendor
#8 9.005   ros-jazzy-gz-physics-vendor ros-jazzy-gz-plugin-vendor
#8 9.005   ros-jazzy-gz-rendering-vendor ros-jazzy-gz-sensors-vendor
#8 9.005   ros-jazzy-gz-sim-vendor ros-jazzy-gz-transport-vendor
#8 9.005   ros-jazzy-marine-acoustic-msgs ros-jazzy-nav-2d-msgs ros-jazzy-nav-2d-utils
#8 9.005   ros-jazzy-nav2-amcl ros-jazzy-nav2-behavior-tree ros-jazzy-nav2-behaviors
#8 9.005   ros-jazzy-nav2-bt-navigator ros-jazzy-nav2-collision-monitor
#8 9.005   ros-jazzy-nav2-common ros-jazzy-nav2-constrained-smoother
#8 9.005   ros-jazzy-nav2-controller ros-jazzy-nav2-core ros-jazzy-nav2-costmap-2d
#8 9.005   ros-jazzy-nav2-dwb-controller ros-jazzy-nav2-graceful-controller
#8 9.005   ros-jazzy-nav2-lifecycle-manager ros-jazzy-nav2-map-server
#8 9.005   ros-jazzy-nav2-minimal-tb3-sim ros-jazzy-nav2-minimal-tb4-description
#8 9.005   ros-jazzy-nav2-minimal-tb4-sim ros-jazzy-nav2-mppi-controller
#8 9.005   ros-jazzy-nav2-navfn-planner ros-jazzy-nav2-planner
#8 9.005   ros-jazzy-nav2-regulated-pure-pursuit-controller
#8 9.005   ros-jazzy-nav2-rotation-shim-controller ros-jazzy-nav2-route
#8 9.005   ros-jazzy-nav2-rviz-plugins ros-jazzy-nav2-simple-commander
#8 9.005   ros-jazzy-nav2-smac-planner ros-jazzy-nav2-smoother
#8 9.005   ros-jazzy-nav2-theta-star-planner ros-jazzy-nav2-util
#8 9.005   ros-jazzy-nav2-velocity-smoother ros-jazzy-nav2-voxel-grid
#8 9.005   ros-jazzy-nav2-waypoint-follower ros-jazzy-navigation2 ros-jazzy-ompl
#8 9.005   ros-jazzy-opennav-docking ros-jazzy-opennav-docking-bt
#8 9.005   ros-jazzy-opennav-docking-core ros-jazzy-pcl-conversions ros-jazzy-pcl-msgs
#8 9.005   ros-jazzy-ros-gz-bridge ros-jazzy-ros-gz-image ros-jazzy-ros-gz-interfaces
#8 9.005   ros-jazzy-ros-gz-sim ros-jazzy-simulation-interfaces ros-jazzy-smclib
#8 9.005   ros-jazzy-vision-msgs spirv-headers spirv-tools systemd systemd-dev
#8 9.005   systemd-resolved systemd-sysv systemd-timesyncd tcl tcl-dev tcl8.6
#8 9.005   tcl8.6-dev tk tk-dev tk8.6 tk8.6-dev udev unixodbc-dev vtk9 xtl-dev
#8 9.006 Suggested packages:
#8 9.006   doc-base glslang-tools krb5-doc libitpp-dev alsa-utils libasound2-doc
#8 9.006   libasound2-plugins libbenchmark-tools liblapack-doc libcairo2-doc
#8 9.006   libfftw3-bin libfftw3-dev geographiclib-doc geographiclib-tools libgdal-doc
#8 9.006   libgeotiff-epsg gir1.2-glib-2.0-dev libglib2.0-doc graphicsmagick-dbg
#8 9.006   graphicsmagick krb5-user libgts-doc libhdf5-doc libheif-plugin-x265
#8 9.006   libheif-plugin-ffmpegdec libheif-plugin-jpegdec libheif-plugin-jpegenc
#8 9.006   libheif-plugin-j2kdec libheif-plugin-j2kenc libheif-plugin-rav1e
#8 9.006   libheif-plugin-svtenc jackd2 liblcms2-utils netcdf-bin netcdf-doc
#8 9.006   libnorm-doc ogre-1.9-doc libogre-1.9.0v5-dbg libomp-18-doc libportaudio2
#8 9.006   openni-doc libpcl-doc pcscd postgresql-doc-16 pulseaudio readline-doc
#8 9.006   xdg-utils serdi sndiod sordi libsuperlu-doc vtk9-doc vtk9-examples
#8 9.006   java-virtual-machine libwayland-doc libwmf-0.2-7-gtk libwmf-doc libx265-doc
#8 9.006   libxerces-c-doc libxsimd-doc xtensor-doc openjdk-21-demo openjdk-21-source
#8 9.006   visualvm libnss-mdns fonts-dejavu-extra fonts-ipafont-gothic
#8 9.006   fonts-ipafont-mincho fonts-wqy-microhei | fonts-wqy-zenhei fonts-indic
#8 9.006   protobuf-mode-el mayavi2 qt5-doc rapidjson-doc systemd-container
#8 9.006   systemd-homed systemd-userdbd systemd-boot libip4tc2 libqrencode4
#8 9.006   libtss2-esys-3.0.2-0 libtss2-mu-4.0.1-0 libtss2-rc0 libtss2-tcti-device0
#8 9.006   polkitd tcl-doc tcl-tclreadline tcl8.6-doc tk-doc tk8.6-doc
#8 9.006 Recommended packages:
#8 9.006   alsa-ucm-conf alsa-topology-conf libcfitsio-doc default-libdecor-0-plugin-1
#8 9.006   | libdecor-0-plugin-1 ghostscript fonts-urw-base35 libheif-plugin-aomenc
#8 9.006   libtool-bin libopenni-sensor-pointclouds0 | libopenni-sensor-primesense0
#8 9.006   pocketsphinx-en-us geoclue-2.0 libgraphblas-dev libatk-wrapper-java-jni
#8 9.006   fonts-dejavu-extra
#8 10.51 The following NEW packages will be installed:
#8 10.51   ca-certificates-java comerr-dev cppzmq-dev default-jdk default-jdk-headless
#8 10.51   default-jre default-jre-headless default-libmysqlclient-dev fonts-open-sans
#8 10.51   freeglut3-dev gir1.2-ibus-1.0 glslang-dev glslc
#8 10.51   graphicsmagick-libmagick-dev-compat hdf5-helpers java-common krb5-multidev
#8 10.51   libabsl-dev libabsl20220623t64 libaec-dev libamd3 libaom-dev
#8 10.51   libarmadillo-dev libarpack2-dev libasound2-data libasound2-dev libasound2t64
#8 10.51   libass9 libasyncns0 libavc1394-0 libavdevice-dev libavdevice60
#8 10.51   libavfilter-dev libavfilter9 libbenchmark-dev libbenchmark1.8.3 libblas-dev
#8 10.51   libblkid-dev libblosc-dev libbs2b0 libbsd-dev libbtf2 libcaca0
#8 10.51   libcairo-script-interpreter2 libcairo2-dev libcamd3 libccd-dev libccd2
#8 10.51   libccolamd3 libcdio-cdda2t64 libcdio-paranoia2t64 libcdio19t64 libceres-dev
#8 10.51   libceres4t64 libcfitsio-dev libcholmod5 libclang1-15t64 libcli11-dev
#8 10.51   libcolamd3 libcxsparse4 libdav1d-dev libdbus-1-dev libde265-dev libdecor-0-0
#8 10.51   libdecor-0-dev libdouble-conversion-dev libdrm-dev libdrm-nouveau2
#8 10.51   libdrm-radeon1 libfcl-dev libfcl0.7 libffi-dev libfftw3-double3 libflac12t64
#8 10.51   libflann-dev libflann1.9 libflite1 libfontconfig-dev libfreeimage-dev
#8 10.51   libfreeimage3 libfreexl-dev libfyba-dev libgbm-dev libgdal-dev
#8 10.51   libgeographiclib-dev libgeographiclib26 libgeos-dev libgeotiff-dev
#8 10.51   libgif-dev libgirepository-2.0-0 libgl2ps-dev libglib2.0-bin libglib2.0-data
#8 10.51   libglib2.0-dev libglib2.0-dev-bin libglut-dev libglut3.12
#8 10.51   libgraphics-magick-perl libgraphicsmagick++-q16-12t64
#8 10.51   libgraphicsmagick++1-dev libgraphicsmagick-q16-3t64 libgraphicsmagick1-dev
#8 10.51   libgssrpc4t64 libgts-dev libhdf4-alt-dev libhdf5-cpp-103-1t64 libhdf5-dev
#8 10.51   libhdf5-fortran-102t64 libhdf5-hl-cpp-100t64 libhdf5-hl-fortran-100t64
#8 10.51   libhdf5-mpi-dev libhdf5-openmpi-103-1t64 libhdf5-openmpi-cpp-103-1t64
#8 10.51   libhdf5-openmpi-dev libhdf5-openmpi-fortran-102t64 libhdf5-openmpi-hl-100t64
#8 10.51   libhdf5-openmpi-hl-cpp-100t64 libhdf5-openmpi-hl-fortran-100t64 libheif-dev
#8 10.51   libhwy-dev libhyphen0 libibus-1.0-5 libibus-1.0-dev libiec61883-0
#8 10.51   libjack-jackd2-0 libjson-c-dev libjsoncpp-dev libjxl-dev libjxr0t64
#8 10.51   libkadm5clnt-mit12 libkadm5srv-mit12 libkdb5-10t64 libklu2 libkml-dev
#8 10.51   libkmlconvenience1t64 libkmlregionator1t64 libkmlxsd1t64 libkrb5-dev
#8 10.52   liblapack-dev liblcms2-dev libldl3 liblilv-0-0 libllvm15t64 liblua5.2-0
#8 10.52   liblua5.2-dev liblzo2-2 libmd-dev libminizip-dev libmount-dev libmysofa1
#8 10.52   libmysqlclient-dev libnanoflann-dev libnetcdf-dev libnorm-dev liboctomap-dev
#8 10.52   liboctomap1.9t64 libodbccr2 libode-dev libode8t64 libogdi-dev
#8 10.52   libogre-1.9-dev libogre-1.9.0t64 libomp-18-dev libomp-dev libomp5-18
#8 10.52   libopenal-data libopenal1 libopenjp2-7-dev libopenni-dev libopenni0t64
#8 10.52   libparu0 libpcap0.8t64 libpciaccess-dev libpcl-apps1.14 libpcl-common1.14
#8 10.52   libpcl-dev libpcl-features1.14 libpcl-filters1.14 libpcl-io1.14
#8 10.52   libpcl-kdtree1.14 libpcl-keypoints1.14 libpcl-ml1.14 libpcl-octree1.14
#8 10.52   libpcl-outofcore1.14 libpcl-people1.14 libpcl-recognition1.14
#8 10.52   libpcl-registration1.14 libpcl-sample-consensus1.14 libpcl-search1.14
#8 10.52   libpcl-segmentation1.14 libpcl-stereo1.14 libpcl-surface1.14
#8 10.52   libpcl-tracking1.14 libpcl-visualization1.14 libpcre16-3 libpcre2-32-0
#8 10.52   libpcre2-dev libpcre3 libpcre3-dev libpcre32-3 libpcrecpp0v5 libpcsclite1
#8 10.52   libpgm-dev libpixman-1-dev libplacebo338 libpocketsphinx3 libpoco-dev
#8 10.52   libpocoactiverecord80t64 libpococrypto80t64 libpocodata80t64
#8 10.52   libpocodatamysql80t64 libpocodataodbc80t64 libpocodatapostgresql80t64
#8 10.52   libpocodatasqlite80t64 libpocoencodings80t64 libpocofoundation80t64
#8 10.52   libpocojson80t64 libpocojwt80t64 libpocomongodb80t64 libpoconet80t64
#8 10.52   libpoconetssl80t64 libpocoredis80t64 libpocoutil80t64 libpocoxml80t64
#8 10.52   libpocozip80t64 libpoppler-dev libpoppler-private-dev libpostproc-dev
#8 10.52   libpostproc57 libpq-dev libproj-dev libprotobuf-dev libprotobuf-lite32t64
#8 10.52   libprotoc-dev libprotoc32t64 libpulse-dev libpulse-mainloop-glib0 libpulse0
#8 10.52   libqhull-dev libqhull8.0 libqhullcpp8.0 libqt5charts5
#8 10.52   libqt5designercomponents5 libqt5location5 libqt5location5-plugins
#8 10.52   libqt5positioning5 libqt5positioning5-plugins libqt5positioningquick5
#8 10.52   libqt5qmlworkerscript5 libqt5quickcontrols2-5 libqt5quickparticles5
#8 10.52   libqt5quickshapes5 libqt5quicktemplates2-5 libqt5quicktest5
#8 10.52   libqt5quickwidgets5 libqt5sensors5 libqt5serialport5 libqt5webchannel5
#8 10.52   libqt5webkit5 libqt5webkit5-dev libraw23t64 librbio4 libreadline-dev
#8 10.52   librttopo-dev librubberband2 libsamplerate0 libsamplerate0-dev libsdl2-2.0-0
#8 10.52   libsdl2-dev libselinux1-dev libsepol-dev libserd-0-0 libshaderc-dev
#8 10.52   libshaderc1 libslang2 libsndfile1 libsndio-dev libsndio7.0 libsodium-dev
#8 10.52   libsord-0-0 libspatialite-dev libspex2 libsphinxbase3t64 libspqr4
#8 10.52   libsratom-0-0 libsuitesparse-dev libsuitesparse-mongoose3
#8 10.52   libsuitesparseconfig7 libsuperlu-dev libtinyxml2.6.2v5 libtirpc-dev
#8 10.52   libudev-dev libumfpack6 libunibreak5 liburdfdom-dev
#8 10.52   liburdfdom-model-state4.0 liburdfdom-model4.0 liburdfdom-sensor4.0
#8 10.52   liburdfdom-world4.0 liburiparser-dev libutfcpp-dev libvidstab1.1 libvtk9-dev
#8 10.52   libvtk9-java libvtk9-qt-dev libvtk9.1t64-qt libwayland-bin libwayland-dev
#8 10.52   libwmf-0.2-7 libwmf-dev libwmflite-0.2-7 libwoff1 libx11-xcb-dev libx265-dev
#8 10.52   libxcb-randr0-dev libxcb-render0-dev libxcb-shm0-dev libxcursor-dev
#8 10.52   libxerces-c-dev libxfixes-dev libxft-dev libxi-dev libxinerama-dev
#8 10.52   libxkbcommon-dev libxml2-dev libxsimd-dev libxss-dev libxtensor-dev
#8 10.52   libxv-dev libxv1 libxxf86vm-dev libzimg2 libzip-dev libzip4t64 libzix-0-0
#8 10.52   libzmq3-dev libzzip-0-13t64 libzzip-dev openjdk-21-jdk
#8 10.52   openjdk-21-jdk-headless openjdk-21-jre openjdk-21-jre-headless
#8 10.52   protobuf-compiler python3-mpi4py python3-protobuf python3-vtk9 qdoc-qt5
#8 10.52   qhelpgenerator-qt5 qml-module-qt-labs-folderlistmodel
#8 10.52   qml-module-qt-labs-platform qml-module-qt-labs-settings qml-module-qtcharts
#8 10.52   qml-module-qtgraphicaleffects qml-module-qtlocation qml-module-qtpositioning
#8 10.52   qml-module-qtqml qml-module-qtqml-models2 qml-module-qtquick-controls
#8 10.52   qml-module-qtquick-controls2 qml-module-qtquick-dialogs
#8 10.52   qml-module-qtquick-extras qml-module-qtquick-layouts
#8 10.52   qml-module-qtquick-privatewidgets qml-module-qtquick-templates2
#8 10.52   qml-module-qtquick-window2 qml-module-qtquick2 qt5-assistant
#8 10.52   qt5-qmltooling-plugins qtattributionsscanner-qt5 qtdeclarative5-dev
#8 10.52   qtdeclarative5-dev-tools qtquickcontrols2-5-dev qttools5-dev
#8 10.52   qttools5-dev-tools qttools5-private-dev rapidjson-dev
#8 10.52   ros-jazzy-actuator-msgs ros-jazzy-behaviortree-cpp ros-jazzy-bond
#8 10.52   ros-jazzy-bondcpp ros-jazzy-cartographer ros-jazzy-cartographer-ros
#8 10.52   ros-jazzy-cartographer-ros-msgs ros-jazzy-costmap-queue
#8 10.52   ros-jazzy-demo-nodes-cpp ros-jazzy-demo-nodes-py ros-jazzy-dwb-core
#8 10.52   ros-jazzy-dwb-critics ros-jazzy-dwb-msgs ros-jazzy-dwb-plugins
#8 10.52   ros-jazzy-example-interfaces ros-jazzy-geographic-msgs ros-jazzy-gps-msgs
#8 10.52   ros-jazzy-gz-common-vendor ros-jazzy-gz-dartsim-vendor
#8 10.52   ros-jazzy-gz-fuel-tools-vendor ros-jazzy-gz-gui-vendor
#8 10.52   ros-jazzy-gz-msgs-vendor ros-jazzy-gz-ogre-next-vendor
#8 10.52   ros-jazzy-gz-physics-vendor ros-jazzy-gz-plugin-vendor
#8 10.52   ros-jazzy-gz-rendering-vendor ros-jazzy-gz-sensors-vendor
#8 10.52   ros-jazzy-gz-sim-vendor ros-jazzy-gz-transport-vendor
#8 10.52   ros-jazzy-laser-filters ros-jazzy-marine-acoustic-msgs ros-jazzy-nav-2d-msgs
#8 10.52   ros-jazzy-nav-2d-utils ros-jazzy-nav2-amcl ros-jazzy-nav2-behavior-tree
#8 10.52   ros-jazzy-nav2-behaviors ros-jazzy-nav2-bringup ros-jazzy-nav2-bt-navigator
#8 10.52   ros-jazzy-nav2-collision-monitor ros-jazzy-nav2-common
#8 10.52   ros-jazzy-nav2-constrained-smoother ros-jazzy-nav2-controller
#8 10.52   ros-jazzy-nav2-core ros-jazzy-nav2-costmap-2d ros-jazzy-nav2-dwb-controller
#8 10.52   ros-jazzy-nav2-graceful-controller ros-jazzy-nav2-lifecycle-manager
#8 10.52   ros-jazzy-nav2-map-server ros-jazzy-nav2-minimal-tb3-sim
#8 10.52   ros-jazzy-nav2-minimal-tb4-description ros-jazzy-nav2-minimal-tb4-sim
#8 10.52   ros-jazzy-nav2-mppi-controller ros-jazzy-nav2-msgs
#8 10.52   ros-jazzy-nav2-navfn-planner ros-jazzy-nav2-planner
#8 10.52   ros-jazzy-nav2-regulated-pure-pursuit-controller
#8 10.52   ros-jazzy-nav2-rotation-shim-controller ros-jazzy-nav2-route
#8 10.52   ros-jazzy-nav2-rviz-plugins ros-jazzy-nav2-simple-commander
#8 10.52   ros-jazzy-nav2-smac-planner ros-jazzy-nav2-smoother
#8 10.52   ros-jazzy-nav2-theta-star-planner ros-jazzy-nav2-util
#8 10.52   ros-jazzy-nav2-velocity-smoother ros-jazzy-nav2-voxel-grid
#8 10.52   ros-jazzy-nav2-waypoint-follower ros-jazzy-navigation2 ros-jazzy-ompl
#8 10.52   ros-jazzy-opennav-docking ros-jazzy-opennav-docking-bt
#8 10.52   ros-jazzy-opennav-docking-core ros-jazzy-pcl-conversions ros-jazzy-pcl-msgs
#8 10.52   ros-jazzy-robot-localization ros-jazzy-ros-gz-bridge ros-jazzy-ros-gz-image
#8 10.52   ros-jazzy-ros-gz-interfaces ros-jazzy-ros-gz-sim
#8 10.52   ros-jazzy-simulation-interfaces ros-jazzy-slam-toolbox ros-jazzy-smclib
#8 10.52   ros-jazzy-vision-msgs spirv-headers spirv-tools tcl tcl-dev tcl8.6
#8 10.52   tcl8.6-dev tk tk-dev tk8.6 tk8.6-dev unixodbc-dev vtk9 xtl-dev
#8 10.52 The following packages will be upgraded:
#8 10.52   libdrm-amdgpu1 libdrm-common libdrm-intel1 libdrm2 libegl-mesa0 libgbm1
#8 10.52   libgl1-mesa-dev libgl1-mesa-dri libglx-mesa0 libheif-plugin-aomdec
#8 10.52   libheif-plugin-libde265 libheif1 liblcms2-2 libmysqlclient21 libnss-systemd
#8 10.52   libopenjp2-7 libpam-systemd libpoppler134 libpq5 libsystemd-shared
#8 10.52   libsystemd0 libudev1 mesa-libgallium mesa-va-drivers mesa-vdpau-drivers
#8 10.52   mesa-vulkan-drivers ros-jazzy-cv-bridge ros-jazzy-rclcpp-action
#8 10.52   ros-jazzy-sensor-msgs ros-jazzy-tf2-geometry-msgs ros-jazzy-tf2-ros systemd
#8 10.52   systemd-dev systemd-resolved systemd-sysv systemd-timesyncd udev
#8 10.65 37 upgraded, 472 newly installed, 0 to remove and 318 not upgraded.
#8 10.65 Need to get 449 MB of archives.
#8 10.65 After this operation, 1802 MB of additional disk space will be used.
#8 10.65 Get:1 http://archive.ubuntu.com/ubuntu noble-updates/main amd64 libnss-systemd amd64 255.4-1ubuntu8.16 [159 kB]
#8 10.76 Get:2 http://archive.ubuntu.com/ubuntu noble-updates/main amd64 systemd-dev all 255.4-1ubuntu8.16 [106 kB]
#8 10.78 Get:3 http://archive.ubuntu.com/ubuntu noble-updates/main amd64 systemd-timesyncd amd64 255.4-1ubuntu8.16 [35.3 kB]
#8 10.79 Get:4 http://archive.ubuntu.com/ubuntu noble-updates/main amd64 systemd-resolved amd64 255.4-1ubuntu8.16 [296 kB]
#8 10.83 Get:5 http://archive.ubuntu.com/ubuntu noble-updates/main amd64 libsystemd-shared amd64 255.4-1ubuntu8.16 [2076 kB]
#8 11.05 Get:6 http://packages.ros.org/ros2/ubuntu noble/main amd64 ros-jazzy-actuator-msgs amd64 0.0.1-4noble.20260412.033807 [104 kB]
#8 11.08 Get:7 http://archive.ubuntu.com/ubuntu noble-updates/main amd64 libsystemd0 amd64 255.4-1ubuntu8.16 [431 kB]
#8 11.13 Get:8 http://archive.ubuntu.com/ubuntu noble-updates/main amd64 systemd-sysv amd64 255.4-1ubuntu8.16 [11.9 kB]
#8 11.15 Get:9 http://archive.ubuntu.com/ubuntu noble-updates/main amd64 libpam-systemd amd64 255.4-1ubuntu8.16 [235 kB]
#8 11.18 Get:10 http://archive.ubuntu.com/ubuntu noble-updates/main amd64 systemd amd64 255.4-1ubuntu8.16 [3475 kB]
#8 11.53 Get:11 http://archive.ubuntu.com/ubuntu noble-updates/main amd64 udev amd64 255.4-1ubuntu8.16 [1875 kB]
#8 11.74 Get:12 http://archive.ubuntu.com/ubuntu noble-updates/main amd64 libudev1 amd64 255.4-1ubuntu8.16 [177 kB]
#8 11.77 Get:13 http://archive.ubuntu.com/ubuntu noble/main amd64 libhyphen0 amd64 2.8.8-7build3 [26.5 kB]
#8 11.77 Get:14 http://archive.ubuntu.com/ubuntu noble/universe amd64 libqt5positioning5 amd64 5.15.13+dfsg-1 [222 kB]
#8 11.78 Get:15 http://archive.ubuntu.com/ubuntu noble/universe amd64 libqt5sensors5 amd64 5.15.13-1 [122 kB]
#8 11.78 Get:16 http://archive.ubuntu.com/ubuntu noble/universe amd64 libqt5webchannel5 amd64 5.15.13-1 [61.9 kB]
#8 11.80 Get:17 http://archive.ubuntu.com/ubuntu noble/main amd64 libwoff1 amd64 1.0.2-2build1 [45.3 kB]
#8 11.80 Get:18 http://archive.ubuntu.com/ubuntu noble/universe amd64 libqt5webkit5 amd64 5.212.0~alpha4-36 [12.8 MB]
#8 11.97 Get:19 http://packages.ros.org/ros2/ubuntu noble/main amd64 ros-jazzy-behaviortree-cpp amd64 4.9.0-1noble.20260412.042652 [625 kB]
#8 12.94 Get:20 http://packages.ros.org/ros2/ubuntu noble/main amd64 ros-jazzy-bond amd64 4.2.0-1noble.20260412.034243 [55.2 kB]
#8 12.96 Get:21 http://packages.ros.org/ros2/ubuntu noble/main amd64 ros-jazzy-smclib amd64 4.2.0-1noble.20260317.155007 [14.1 kB]
#8 12.96 Get:22 http://packages.ros.org/ros2/ubuntu noble/main amd64 ros-jazzy-bondcpp amd64 4.2.0-1noble.20260412.051032 [123 kB]
#8 12.98 Get:23 http://archive.ubuntu.com/ubuntu noble-updates/universe amd64 libqt5qmlworkerscript5 amd64 5.15.13+dfsg-1ubuntu0.1 [33.6 kB]
#8 12.99 Get:24 http://archive.ubuntu.com/ubuntu noble-updates/universe amd64 libqt5quickparticles5 amd64 5.15.13+dfsg-1ubuntu0.1 [216 kB]
#8 13.00 Get:25 http://archive.ubuntu.com/ubuntu noble-updates/universe amd64 libqt5quickshapes5 amd64 5.15.13+dfsg-1ubuntu0.1 [102 kB]
#8 13.01 Get:26 http://archive.ubuntu.com/ubuntu noble-updates/universe amd64 libqt5quicktest5 amd64 5.15.13+dfsg-1ubuntu0.1 [57.0 kB]
#8 13.02 Get:27 http://archive.ubuntu.com/ubuntu noble-updates/universe amd64 libqt5quickwidgets5 amd64 5.15.13+dfsg-1ubuntu0.1 [38.4 kB]
#8 13.03 Get:28 http://archive.ubuntu.com/ubuntu noble-updates/universe amd64 qt5-qmltooling-plugins amd64 5.15.13+dfsg-1ubuntu0.1 [190 kB]
#8 13.06 Get:29 http://archive.ubuntu.com/ubuntu noble-updates/universe amd64 qtdeclarative5-dev-tools amd64 5.15.13+dfsg-1ubuntu0.1 [675 kB]
#8 13.11 Get:30 http://archive.ubuntu.com/ubuntu noble-updates/universe amd64 qtdeclarative5-dev amd64 5.15.13+dfsg-1ubuntu0.1 [488 kB]
#8 13.14 Get:31 http://packages.ros.org/ros2/ubuntu noble/main amd64 ros-jazzy-cartographer amd64 2.0.9004-1noble.20260225.051215 [1597 kB]
#8 13.15 Get:32 http://archive.ubuntu.com/ubuntu noble/universe amd64 libqt5webkit5-dev amd64 5.212.0~alpha4-36 [54.6 kB]
#8 13.16 Get:33 http://archive.ubuntu.com/ubuntu noble-updates/universe amd64 qml-module-qtquick-window2 amd64 5.15.13+dfsg-1ubuntu0.1 [26.2 kB]
#8 13.16 Get:34 http://archive.ubuntu.com/ubuntu noble-updates/universe amd64 qml-module-qtquick2 amd64 5.15.13+dfsg-1ubuntu0.1 [33.7 kB]
#8 13.17 Get:35 http://archive.ubuntu.com/ubuntu noble/universe amd64 qml-module-qtgraphicaleffects amd64 5.15.13-1 [74.4 kB]
#8 13.18 Get:36 http://archive.ubuntu.com/ubuntu noble-updates/universe amd64 qml-module-qtqml amd64 5.15.13+dfsg-1ubuntu0.1 [17.3 kB]
#8 13.18 Get:37 http://archive.ubuntu.com/ubuntu noble-updates/universe amd64 qml-module-qtqml-models2 amd64 5.15.13+dfsg-1ubuntu0.1 [18.1 kB]
#8 13.19 Get:38 http://archive.ubuntu.com/ubuntu noble-updates/universe amd64 qml-module-qtquick-layouts amd64 5.15.13+dfsg-1ubuntu0.1 [54.6 kB]
#8 13.22 Get:39 http://archive.ubuntu.com/ubuntu noble/universe amd64 qml-module-qtquick-controls amd64 5.15.13-1 [574 kB]
#8 13.28 Get:40 http://archive.ubuntu.com/ubuntu noble/universe amd64 fonts-open-sans all 1.11-2 [635 kB]
#8 13.35 Get:41 http://archive.ubuntu.com/ubuntu noble/universe amd64 qml-module-qtquick-extras amd64 5.15.13-1 [88.0 kB]
#8 13.35 Get:42 http://archive.ubuntu.com/ubuntu noble-updates/main amd64 libglib2.0-data all 2.80.0-6ubuntu3.8 [49.6 kB]
#8 13.36 Get:43 http://archive.ubuntu.com/ubuntu noble/main amd64 libslang2 amd64 2.3.3-3build2 [506 kB]
#8 13.43 Get:44 http://archive.ubuntu.com/ubuntu noble-updates/main amd64 libdrm-common all 2.4.125-1ubuntu0.1~24.04.2 [9250 B]
#8 13.44 Get:45 http://archive.ubuntu.com/ubuntu noble-updates/main amd64 libdrm2 amd64 2.4.125-1ubuntu0.1~24.04.2 [41.4 kB]
#8 13.47 Get:46 http://archive.ubuntu.com/ubuntu noble/main amd64 libpcap0.8t64 amd64 1.10.4-4.1ubuntu3 [151 kB]
#8 13.49 Get:47 http://archive.ubuntu.com/ubuntu noble/main amd64 ca-certificates-java all 20240118 [11.6 kB]
#8 13.49 Get:48 http://archive.ubuntu.com/ubuntu noble/universe amd64 libpgm-dev amd64 5.3.128~dfsg-2.1build1 [212 kB]
#8 13.52 Get:49 http://archive.ubuntu.com/ubuntu noble-updates/main amd64 libsodium-dev amd64 1.0.18-1ubuntu0.24.04.1 [185 kB]
#8 13.54 Get:50 http://archive.ubuntu.com/ubuntu noble-updates/main amd64 libxml2-dev amd64 2.9.14+dfsg-1.3ubuntu3.7 [782 kB]
#8 13.64 Get:51 http://archive.ubuntu.com/ubuntu noble/universe amd64 libnorm-dev amd64 1.5.9+dfsg-3.1build1 [429 kB]
#8 13.72 Get:52 http://packages.ros.org/ros2/ubuntu noble/main amd64 ros-jazzy-cartographer-ros-msgs amd64 2.0.9003-2noble.20260412.034534 [371 kB]
#8 13.79 Get:53 http://archive.ubuntu.com/ubuntu noble-updates/main amd64 comerr-dev amd64 2.1-1.47.0-2.4~exp1ubuntu4.1 [43.8 kB]
#8 13.80 Get:54 http://packages.ros.org/ros2/ubuntu noble/main amd64 ros-jazzy-sensor-msgs amd64 5.3.7-1noble.20260412.034842 [390 kB]
#8 13.80 Get:55 http://archive.ubuntu.com/ubuntu noble-updates/main amd64 libgssrpc4t64 amd64 1.20.1-6ubuntu2.6 [57.6 kB]
#8 13.80 Get:56 http://archive.ubuntu.com/ubuntu noble-updates/main amd64 libkadm5clnt-mit12 amd64 1.20.1-6ubuntu2.6 [40.1 kB]
#8 13.82 Get:57 http://archive.ubuntu.com/ubuntu noble-updates/main amd64 libkdb5-10t64 amd64 1.20.1-6ubuntu2.6 [40.4 kB]
#8 13.82 Get:58 http://archive.ubuntu.com/ubuntu noble-updates/main amd64 libkadm5srv-mit12 amd64 1.20.1-6ubuntu2.6 [53.0 kB]
#8 13.82 Get:59 http://archive.ubuntu.com/ubuntu noble-updates/main amd64 krb5-multidev amd64 1.20.1-6ubuntu2.6 [125 kB]
#8 13.84 Get:60 http://archive.ubuntu.com/ubuntu noble-updates/main amd64 libkrb5-dev amd64 1.20.1-6ubuntu2.6 [11.9 kB]
#8 13.85 Get:61 http://archive.ubuntu.com/ubuntu noble-updates/main amd64 libmd-dev amd64 1.1.0-2build1.1 [45.5 kB]
#8 13.85 Get:62 http://archive.ubuntu.com/ubuntu noble-updates/main amd64 libbsd-dev amd64 0.12.1-1build1.1 [169 kB]
#8 13.88 Get:63 http://archive.ubuntu.com/ubuntu noble/universe amd64 libzmq3-dev amd64 4.3.5-1build2 [527 kB]
#8 13.93 Get:64 http://packages.ros.org/ros2/ubuntu noble/main amd64 ros-jazzy-pcl-msgs amd64 1.0.0-9noble.20260412.035559 [114 kB]
#8 13.97 Get:65 http://archive.ubuntu.com/ubuntu noble/universe amd64 cppzmq-dev amd64 4.10.0-1build1 [26.0 kB]
#8 13.97 Get:66 http://archive.ubuntu.com/ubuntu noble/main amd64 java-common all 0.75+exp1 [6798 B]
#8 13.97 Get:67 http://archive.ubuntu.com/ubuntu noble-updates/main amd64 liblcms2-2 amd64 2.14-2ubuntu0.1 [161 kB]
#8 13.99 Get:68 http://packages.ros.org/ros2/ubuntu noble/main amd64 ros-jazzy-pcl-conversions amd64 2.6.4-1noble.20260412.045759 [12.7 kB]
#8 13.99 Get:69 http://packages.ros.org/ros2/ubuntu noble/main amd64 ros-jazzy-rclcpp-action amd64 28.1.18-1noble.20260412.042748 [100 kB]
#8 13.99 Get:70 http://packages.ros.org/ros2/ubuntu noble/main amd64 ros-jazzy-tf2-ros amd64 0.36.20-1noble.20260412.044056 [325 kB]
#8 14.02 Get:71 http://archive.ubuntu.com/ubuntu noble/main amd64 libpcsclite1 amd64 2.0.3-1build1 [21.4 kB]
#8 14.02 Get:72 http://archive.ubuntu.com/ubuntu noble-updates/main amd64 openjdk-21-jre-headless amd64 21.0.11+10-1~24.04.2 [46.5 MB]
#8 14.06 Get:73 http://packages.ros.org/ros2/ubuntu noble/main amd64 ros-jazzy-cartographer-ros amd64 2.0.9003-2noble.20260412.051806 [3121 kB]
#8 14.55 Get:74 http://packages.ros.org/ros2/ubuntu noble/main amd64 ros-jazzy-geographic-msgs amd64 1.0.6-2noble.20260412.035916 [321 kB]
#8 14.59 Get:75 http://packages.ros.org/ros2/ubuntu noble/main amd64 ros-jazzy-nav2-msgs amd64 1.3.11-1noble.20260412.044112 [1759 kB]
#8 15.05 Get:76 http://packages.ros.org/ros2/ubuntu noble/main amd64 ros-jazzy-nav2-common amd64 1.3.11-1noble.20260412.043444 [10.3 kB]
#8 15.05 Get:77 http://packages.ros.org/ros2/ubuntu noble/main amd64 ros-jazzy-tf2-geometry-msgs amd64 0.36.20-1noble.20260412.053505 [20.0 kB]
#8 15.05 Get:78 http://packages.ros.org/ros2/ubuntu noble/main amd64 ros-jazzy-nav2-util amd64 1.3.11-1noble.20260412.054222 [170 kB]
#8 15.06 Get:79 http://packages.ros.org/ros2/ubuntu noble/main amd64 ros-jazzy-nav2-voxel-grid amd64 1.3.11-1noble.20260412.052741 [19.7 kB]
#8 15.06 Get:80 http://packages.ros.org/ros2/ubuntu noble/main amd64 ros-jazzy-nav2-costmap-2d amd64 1.3.11-1noble.20260412.054629 [1073 kB]
#8 15.18 Get:81 http://packages.ros.org/ros2/ubuntu noble/main amd64 ros-jazzy-costmap-queue amd64 1.3.11-1noble.20260412.060423 [18.4 kB]
#8 15.18 Get:82 http://packages.ros.org/ros2/ubuntu noble/main amd64 ros-jazzy-cv-bridge amd64 4.1.0-1noble.20260412.042648 [125 kB]
#8 15.18 Get:83 http://packages.ros.org/ros2/ubuntu noble/main amd64 ros-jazzy-example-interfaces amd64 0.12.0-3noble.20260412.032829 [376 kB]
#8 15.19 Get:84 http://packages.ros.org/ros2/ubuntu noble/main amd64 ros-jazzy-demo-nodes-cpp amd64 0.33.10-1noble.20260412.044049 [930 kB]
#8 16.15 Get:85 http://packages.ros.org/ros2/ubuntu noble/main amd64 ros-jazzy-demo-nodes-py amd64 0.33.10-1noble.20260412.042524 [28.8 kB]
#8 16.15 Get:86 http://packages.ros.org/ros2/ubuntu noble/main amd64 ros-jazzy-nav-2d-msgs amd64 1.3.11-1noble.20260412.035516 [81.5 kB]
#8 16.15 Get:87 http://packages.ros.org/ros2/ubuntu noble/main amd64 ros-jazzy-dwb-msgs amd64 1.3.11-1noble.20260412.035753 [234 kB]
#8 16.15 Get:88 http://packages.ros.org/ros2/ubuntu noble/main amd64 ros-jazzy-nav-2d-utils amd64 1.3.11-1noble.20260412.054939 [24.0 kB]
#8 16.15 Get:89 http://packages.ros.org/ros2/ubuntu noble/main amd64 ros-jazzy-nav2-behavior-tree amd64 1.3.11-1noble.20260412.054654 [1957 kB]
#8 16.41 Get:90 http://packages.ros.org/ros2/ubuntu noble/main amd64 ros-jazzy-nav2-core amd64 1.3.11-1noble.20260412.061507 [14.2 kB]
#8 16.41 Get:91 http://packages.ros.org/ros2/ubuntu noble/main amd64 ros-jazzy-dwb-core amd64 1.3.11-1noble.20260412.062205 [207 kB]
#8 16.41 Get:92 http://packages.ros.org/ros2/ubuntu noble/main amd64 ros-jazzy-dwb-critics amd64 1.3.11-1noble.20260412.063134 [58.8 kB]
#8 16.41 Get:93 http://packages.ros.org/ros2/ubuntu noble/main amd64 ros-jazzy-dwb-plugins amd64 1.3.11-1noble.20260412.063135 [47.8 kB]
#8 16.41 Get:94 http://packages.ros.org/ros2/ubuntu noble/main amd64 ros-jazzy-gps-msgs amd64 2.1.2-1noble.20260412.033940 [83.9 kB]
#8 16.41 Get:95 http://packages.ros.org/ros2/ubuntu noble/main amd64 ros-jazzy-gz-common-vendor amd64 0.0.9-1noble.20260226.000703 [674 kB]
#8 16.66 Get:96 http://packages.ros.org/ros2/ubuntu noble/main amd64 ros-jazzy-gz-dartsim-vendor amd64 0.0.3-1noble.20260225.232143 [12.4 MB]
#8 20.20 Get:97 http://archive.ubuntu.com/ubuntu noble/main amd64 default-jre-headless amd64 2:1.21-75+exp1 [3094 B]
#8 20.20 Get:98 http://archive.ubuntu.com/ubuntu noble-updates/main amd64 libasound2-data all 1.2.11-1ubuntu0.2 [21.3 kB]
#8 20.20 Get:99 http://archive.ubuntu.com/ubuntu noble-updates/main amd64 libasound2t64 amd64 1.2.11-1ubuntu0.2 [398 kB]
#8 20.21 Get:100 http://archive.ubuntu.com/ubuntu noble-updates/main amd64 openjdk-21-jre amd64 21.0.11+10-1~24.04.2 [232 kB]
#8 20.24 Get:101 http://archive.ubuntu.com/ubuntu noble/main amd64 default-jre amd64 2:1.21-75+exp1 [922 B]
#8 20.26 Get:102 http://archive.ubuntu.com/ubuntu noble-updates/main amd64 openjdk-21-jdk-headless amd64 21.0.11+10-1~24.04.2 [82.8 MB]
#8 29.23 Get:103 http://archive.ubuntu.com/ubuntu noble/main amd64 default-jdk-headless amd64 2:1.21-75+exp1 [960 B]
#8 29.23 Get:104 http://archive.ubuntu.com/ubuntu noble-updates/main amd64 openjdk-21-jdk amd64 21.0.11+10-1~24.04.2 [1656 kB]
#8 29.38 Get:105 http://archive.ubuntu.com/ubuntu noble/main amd64 default-jdk amd64 2:1.21-75+exp1 [926 B]
#8 29.38 Get:106 http://archive.ubuntu.com/ubuntu noble-updates/main amd64 libmysqlclient21 amd64 8.0.46-0ubuntu0.24.04.2 [1255 kB]
#8 29.50 Get:107 http://archive.ubuntu.com/ubuntu noble-updates/main amd64 libmysqlclient-dev amd64 8.0.46-0ubuntu0.24.04.2 [1591 kB]
#8 29.68 Get:108 http://archive.ubuntu.com/ubuntu noble/main amd64 default-libmysqlclient-dev amd64 1.1.0build1 [3132 B]
#8 29.69 Get:109 http://archive.ubuntu.com/ubuntu noble/universe amd64 libglut3.12 amd64 3.4.0-1build1 [98.0 kB]
#8 29.70 Get:110 http://archive.ubuntu.com/ubuntu noble-updates/main amd64 libgl1-mesa-dev amd64 25.2.8-0ubuntu0.24.04.2 [22.7 kB]
#8 29.70 Get:111 http://archive.ubuntu.com/ubuntu noble/universe amd64 libglut-dev amd64 3.4.0-1build1 [125 kB]
#8 29.72 Get:112 http://archive.ubuntu.com/ubuntu noble/universe amd64 freeglut3-dev amd64 3.4.0-1build1 [2022 B]
#8 29.72 Get:113 http://archive.ubuntu.com/ubuntu noble/main amd64 libibus-1.0-5 amd64 1.5.29-2 [181 kB]
#8 29.74 Get:114 http://archive.ubuntu.com/ubuntu noble/main amd64 gir1.2-ibus-1.0 amd64 1.5.29-2 [86.3 kB]
#8 29.74 Get:115 http://archive.ubuntu.com/ubuntu noble-updates/universe amd64 spirv-tools amd64 2025.1~rc1-1~ubuntu0.24.04.2 [4410 kB]
#8 30.23 Get:116 http://archive.ubuntu.com/ubuntu noble-updates/universe amd64 glslang-dev amd64 15.1.0-2~ubuntu0.24.04.2 [1434 kB]
#8 30.37 Get:117 http://archive.ubuntu.com/ubuntu noble/universe amd64 libshaderc1 amd64 2023.8-1build1 [2423 kB]
#8 30.72 Get:118 http://archive.ubuntu.com/ubuntu noble/universe amd64 glslc amd64 2023.8-1build1 [76.0 kB]
#8 30.72 Get:119 http://archive.ubuntu.com/ubuntu noble/universe amd64 hdf5-helpers amd64 1.10.10+repack-3.1ubuntu4 [15.8 kB]
#8 30.73 Get:120 http://archive.ubuntu.com/ubuntu noble-updates/main amd64 libabsl20220623t64 amd64 20220623.1-3.1ubuntu3.2 [423 kB]
#8 30.78 Get:121 http://archive.ubuntu.com/ubuntu noble-updates/main amd64 libabsl-dev amd64 20220623.1-3.1ubuntu3.2 [1020 kB]
#8 30.87 Get:122 http://archive.ubuntu.com/ubuntu noble/main amd64 libsuitesparseconfig7 amd64 1:7.6.1+dfsg-1build1 [12.9 kB]
#8 30.89 Get:123 http://archive.ubuntu.com/ubuntu noble/universe amd64 libamd3 amd64 1:7.6.1+dfsg-1build1 [27.2 kB]
#8 30.89 Get:124 http://archive.ubuntu.com/ubuntu noble-updates/main amd64 libaom-dev amd64 3.8.2-2ubuntu0.1 [2266 kB]
#8 31.17 Get:125 http://archive.ubuntu.com/ubuntu noble-updates/main amd64 libblas-dev amd64 3.12.0-3build1.1 [170 kB]
#8 31.17 Get:126 http://archive.ubuntu.com/ubuntu noble-updates/main amd64 liblapack-dev amd64 3.12.0-3build1.1 [5196 kB]
#8 32.16 Get:127 http://archive.ubuntu.com/ubuntu noble/universe amd64 libarpack2-dev amd64 3.9.1-1.1build2 [122 kB]
#8 32.18 Get:128 http://archive.ubuntu.com/ubuntu noble/universe amd64 libhdf5-fortran-102t64 amd64 1.10.10+repack-3.1ubuntu4 [85.2 kB]
#8 32.19 Get:129 http://archive.ubuntu.com/ubuntu noble/universe amd64 libhdf5-hl-fortran-100t64 amd64 1.10.10+repack-3.1ubuntu4 [31.5 kB]
#8 32.19 Get:130 http://archive.ubuntu.com/ubuntu noble/universe amd64 libhdf5-cpp-103-1t64 amd64 1.10.10+repack-3.1ubuntu4 [128 kB]
#8 32.21 Get:131 http://archive.ubuntu.com/ubuntu noble/universe amd64 libhdf5-hl-cpp-100t64 amd64 1.10.10+repack-3.1ubuntu4 [11.2 kB]
#8 32.21 Get:132 http://archive.ubuntu.com/ubuntu noble/universe amd64 libaec-dev amd64 1.1.2-1build1 [19.8 kB]
#8 32.22 Get:133 http://archive.ubuntu.com/ubuntu noble/universe amd64 libhdf5-dev amd64 1.10.10+repack-3.1ubuntu4 [2777 kB]
#8 32.62 Get:134 http://archive.ubuntu.com/ubuntu noble/universe amd64 libsuperlu-dev amd64 6.0.1+dfsg1-1build1 [20.7 kB]
#8 32.63 Get:135 http://archive.ubuntu.com/ubuntu noble/universe amd64 libarmadillo-dev amd64 1:12.6.7+dfsg-1build2 [409 kB]
#8 32.68 Get:136 http://archive.ubuntu.com/ubuntu noble-updates/main amd64 libasound2-dev amd64 1.2.11-1ubuntu0.2 [115 kB]
#8 32.69 Get:137 http://archive.ubuntu.com/ubuntu noble/universe amd64 libunibreak5 amd64 5.1-2build1 [25.0 kB]
#8 32.70 Get:138 http://archive.ubuntu.com/ubuntu noble/universe amd64 libass9 amd64 1:0.17.1-2build1 [104 kB]
#8 32.72 Get:139 http://archive.ubuntu.com/ubuntu noble/main amd64 libasyncns0 amd64 0.8-6build4 [11.3 kB]
#8 32.72 Get:140 http://archive.ubuntu.com/ubuntu noble/main amd64 libavc1394-0 amd64 0.5.4-5build3 [15.4 kB]
#8 32.74 Get:141 http://archive.ubuntu.com/ubuntu noble/universe amd64 libbs2b0 amd64 3.1.0+dfsg-7build1 [10.6 kB]
#8 32.76 Get:142 http://archive.ubuntu.com/ubuntu noble/universe amd64 libflite1 amd64 2.2-6build3 [13.6 MB]
#8 34.06 Get:143 http://archive.ubuntu.com/ubuntu noble/universe amd64 libserd-0-0 amd64 0.32.2-1 [43.6 kB]
#8 34.07 Get:144 http://archive.ubuntu.com/ubuntu noble/universe amd64 libzix-0-0 amd64 0.4.2-2build1 [23.6 kB]
#8 34.07 Get:145 http://archive.ubuntu.com/ubuntu noble/universe amd64 libsord-0-0 amd64 0.16.16-2build1 [15.8 kB]
#8 34.09 Get:146 http://archive.ubuntu.com/ubuntu noble/universe amd64 libsratom-0-0 amd64 0.6.16-1build1 [17.3 kB]
#8 34.09 Get:147 http://archive.ubuntu.com/ubuntu noble/universe amd64 liblilv-0-0 amd64 0.24.22-1build1 [41.0 kB]
#8 34.13 Get:148 http://archive.ubuntu.com/ubuntu noble/universe amd64 libmysofa1 amd64 1.3.2+dfsg-2ubuntu2 [1158 kB]
#8 34.30 Get:149 http://archive.ubuntu.com/ubuntu noble/universe amd64 libplacebo338 amd64 6.338.2-2build1 [2654 kB]
#8 34.58 Get:150 http://archive.ubuntu.com/ubuntu noble/main amd64 libflac12t64 amd64 1.4.3+ds-2.1ubuntu2 [197 kB]
#8 34.60 Get:151 http://archive.ubuntu.com/ubuntu noble-updates/main amd64 libsndfile1 amd64 1.2.2-1ubuntu5.24.04.1 [209 kB]
#8 34.64 Get:152 http://archive.ubuntu.com/ubuntu noble-updates/main amd64 libpulse0 amd64 1:16.1+dfsg1-2ubuntu10.1 [292 kB]
#8 34.66 Get:153 http://archive.ubuntu.com/ubuntu noble/universe amd64 libsphinxbase3t64 amd64 0.8+5prealpha+1-17build2 [126 kB]
#8 34.66 Get:154 http://archive.ubuntu.com/ubuntu noble/universe amd64 libpocketsphinx3 amd64 0.8.0+real5prealpha+1-15ubuntu5 [133 kB]
#8 34.67 Get:155 http://archive.ubuntu.com/ubuntu noble/universe amd64 libpostproc57 amd64 7:6.1.1-3ubuntu5 [49.9 kB]
#8 34.67 Get:156 http://archive.ubuntu.com/ubuntu noble/main amd64 libfftw3-double3 amd64 3.3.10-1ubuntu3 [838 kB]
#8 34.77 Get:157 http://archive.ubuntu.com/ubuntu noble/main amd64 libsamplerate0 amd64 0.2.2-4build1 [1344 kB]
#8 34.89 Get:158 http://archive.ubuntu.com/ubuntu noble/universe amd64 librubberband2 amd64 3.3.0+dfsg-2build1 [130 kB]
#8 34.89 Get:159 http://archive.ubuntu.com/ubuntu noble/universe amd64 libvidstab1.1 amd64 1.1.0-2build1 [38.5 kB]
#8 34.91 Get:160 http://archive.ubuntu.com/ubuntu noble/universe amd64 libzimg2 amd64 3.0.5+ds1-1build1 [254 kB]
#8 34.94 Get:161 http://archive.ubuntu.com/ubuntu noble/universe amd64 libavfilter9 amd64 7:6.1.1-3ubuntu5 [4235 kB]
#8 35.37 Get:162 http://archive.ubuntu.com/ubuntu noble-updates/main amd64 libcaca0 amd64 0.99.beta20-4ubuntu0.2 [209 kB]
#8 35.38 Get:163 http://archive.ubuntu.com/ubuntu noble-updates/main amd64 libcdio19t64 amd64 2.1.0-4.1ubuntu1.2 [62.4 kB]
#8 35.39 Get:164 http://archive.ubuntu.com/ubuntu noble/main amd64 libcdio-cdda2t64 amd64 10.2+2.0.1-1.1build2 [16.5 kB]
#8 35.39 Get:165 http://archive.ubuntu.com/ubuntu noble/main amd64 libcdio-paranoia2t64 amd64 10.2+2.0.1-1.1build2 [16.6 kB]
#8 35.39 Get:166 http://archive.ubuntu.com/ubuntu noble/main amd64 libiec61883-0 amd64 1.2.0-6build1 [24.5 kB]
#8 35.43 Get:167 http://archive.ubuntu.com/ubuntu noble/main amd64 libjack-jackd2-0 amd64 1.9.21~dfsg-3ubuntu3 [289 kB]
#8 35.45 Get:168 http://archive.ubuntu.com/ubuntu noble/universe amd64 libopenal-data all 1:1.23.1-4build1 [161 kB]
#8 35.48 Get:169 http://archive.ubuntu.com/ubuntu noble/universe amd64 libsndio7.0 amd64 1.9.0-0.3build3 [29.6 kB]
#8 35.49 Get:170 http://archive.ubuntu.com/ubuntu noble/universe amd64 libopenal1 amd64 1:1.23.1-4build1 [540 kB]
#8 35.53 Get:171 http://archive.ubuntu.com/ubuntu noble/main amd64 libdecor-0-0 amd64 0.2.2-1build2 [16.5 kB]
#8 35.53 Get:172 http://archive.ubuntu.com/ubuntu noble-updates/universe amd64 mesa-va-drivers amd64 25.2.8-0ubuntu0.24.04.2 [6784 B]
#8 35.55 Get:173 http://archive.ubuntu.com/ubuntu noble-updates/main amd64 libgl1-mesa-dri amd64 25.2.8-0ubuntu0.24.04.2 [37.9 kB]
#8 35.58 Get:174 http://archive.ubuntu.com/ubuntu noble-updates/main amd64 libglx-mesa0 amd64 25.2.8-0ubuntu0.24.04.2 [110 kB]
#8 35.59 Get:175 http://archive.ubuntu.com/ubuntu noble-updates/main amd64 libdrm-amdgpu1 amd64 2.4.125-1ubuntu0.1~24.04.2 [21.4 kB]
#8 35.59 Get:176 http://archive.ubuntu.com/ubuntu noble-updates/main amd64 libdrm-intel1 amd64 2.4.125-1ubuntu0.1~24.04.2 [63.9 kB]
#8 35.60 Get:177 http://archive.ubuntu.com/ubuntu noble-updates/main amd64 libegl-mesa0 amd64 25.2.8-0ubuntu0.24.04.2 [117 kB]
#8 35.63 Get:178 http://archive.ubuntu.com/ubuntu noble-updates/main amd64 libgbm1 amd64 25.2.8-0ubuntu0.24.04.2 [34.2 kB]
#8 35.64 Get:179 http://archive.ubuntu.com/ubuntu noble-updates/main amd64 mesa-libgallium amd64 25.2.8-0ubuntu0.24.04.2 [10.8 MB]
#8 36.87 Get:180 http://archive.ubuntu.com/ubuntu noble-updates/main amd64 libsdl2-2.0-0 amd64 2.30.0+dfsg-1ubuntu3.1 [686 kB]
#8 36.91 Get:181 http://archive.ubuntu.com/ubuntu noble/main amd64 libxv1 amd64 2:1.0.11-1.1build1 [10.7 kB]
#8 36.93 Get:182 http://archive.ubuntu.com/ubuntu noble/universe amd64 libavdevice60 amd64 7:6.1.1-3ubuntu5 [82.3 kB]
#8 36.95 Get:183 http://archive.ubuntu.com/ubuntu noble/universe amd64 libpostproc-dev amd64 7:6.1.1-3ubuntu5 [50.3 kB]
#8 36.96 Get:184 http://archive.ubuntu.com/ubuntu noble/universe amd64 libavfilter-dev amd64 7:6.1.1-3ubuntu5 [2265 kB]
#8 37.20 Get:185 http://archive.ubuntu.com/ubuntu noble/universe amd64 libavdevice-dev amd64 7:6.1.1-3ubuntu5 [94.6 kB]
#8 37.20 Get:186 http://archive.ubuntu.com/ubuntu noble/universe amd64 libbenchmark1.8.3 amd64 1.8.3-3 [160 kB]
#8 37.21 Get:187 http://archive.ubuntu.com/ubuntu noble/universe amd64 libbenchmark-dev amd64 1.8.3-3 [86.8 kB]
#8 37.22 Get:188 http://archive.ubuntu.com/ubuntu noble/universe amd64 libblosc-dev amd64 1.21.5+ds-1build1 [43.7 kB]
#8 37.23 Get:189 http://archive.ubuntu.com/ubuntu noble/universe amd64 libbtf2 amd64 1:7.6.1+dfsg-1build1 [13.6 kB]
#8 37.23 Get:190 http://archive.ubuntu.com/ubuntu noble/main amd64 liblzo2-2 amd64 2.10-2build4 [54.1 kB]
#8 37.24 Get:191 http://archive.ubuntu.com/ubuntu noble/main amd64 libcairo-script-interpreter2 amd64 1.18.0-3build1 [60.3 kB]
#8 37.27 Get:192 http://archive.ubuntu.com/ubuntu noble/main amd64 libfontconfig-dev amd64 2.15.0-1.1ubuntu2 [161 kB]
#8 37.27 Get:193 http://archive.ubuntu.com/ubuntu noble/main amd64 libffi-dev amd64 3.4.6-1build1 [62.8 kB]
#8 37.28 Get:194 http://archive.ubuntu.com/ubuntu noble-updates/main amd64 libglib2.0-bin amd64 2.80.0-6ubuntu3.8 [97.9 kB]
#8 37.29 Get:195 http://archive.ubuntu.com/ubuntu noble-updates/main amd64 libglib2.0-dev-bin amd64 2.80.0-6ubuntu3.8 [138 kB]
#8 37.31 Get:196 http://archive.ubuntu.com/ubuntu noble-updates/main amd64 libblkid-dev amd64 2.39.3-9ubuntu6.5 [204 kB]
#8 37.33 Get:197 http://archive.ubuntu.com/ubuntu noble/main amd64 libsepol-dev amd64 3.5-2build1 [384 kB]
#8 37.38 Get:198 http://archive.ubuntu.com/ubuntu noble-updates/main amd64 libpcre2-32-0 amd64 10.42-4ubuntu2.1 [197 kB]
#8 37.41 Get:199 http://archive.ubuntu.com/ubuntu noble-updates/main amd64 libpcre2-dev amd64 10.42-4ubuntu2.1 [736 kB]
#8 37.48 Get:200 http://archive.ubuntu.com/ubuntu noble-updates/main amd64 libselinux1-dev amd64 3.5-2ubuntu2.1 [164 kB]
#8 37.49 Get:201 http://archive.ubuntu.com/ubuntu noble-updates/main amd64 libmount-dev amd64 2.39.3-9ubuntu6.5 [14.9 kB]
#8 37.49 Get:202 http://archive.ubuntu.com/ubuntu noble-updates/main amd64 libgirepository-2.0-0 amd64 2.80.0-6ubuntu3.8 [73.6 kB]
#8 37.49 Get:203 http://archive.ubuntu.com/ubuntu noble-updates/main amd64 libglib2.0-dev amd64 2.80.0-6ubuntu3.8 [1860 kB]
#8 37.76 Get:204 http://archive.ubuntu.com/ubuntu noble/main amd64 libpixman-1-dev amd64 0.42.2-1build1 [296 kB]
#8 37.79 Get:205 http://archive.ubuntu.com/ubuntu noble/main amd64 libxcb-render0-dev amd64 1.15-1ubuntu2 [19.6 kB]
#8 37.80 Get:206 http://archive.ubuntu.com/ubuntu noble/main amd64 libxcb-shm0-dev amd64 1.15-1ubuntu2 [8246 B]
#8 37.81 Get:207 http://archive.ubuntu.com/ubuntu noble/main amd64 libcairo2-dev amd64 1.18.0-3build1 [41.1 kB]
#8 37.82 Get:208 http://archive.ubuntu.com/ubuntu noble/universe amd64 libcamd3 amd64 1:7.6.1+dfsg-1build1 [23.8 kB]
#8 37.84 Get:209 http://archive.ubuntu.com/ubuntu noble/universe amd64 libccolamd3 amd64 1:7.6.1+dfsg-1build1 [25.9 kB]
#8 37.87 Get:210 http://archive.ubuntu.com/ubuntu noble/main amd64 libcolamd3 amd64 1:7.6.1+dfsg-1build1 [19.4 kB]
#8 37.89 Get:211 http://archive.ubuntu.com/ubuntu noble/universe amd64 libcholmod5 amd64 1:7.6.1+dfsg-1build1 [667 kB]
#8 38.35 Get:212 http://archive.ubuntu.com/ubuntu noble/universe amd64 libspqr4 amd64 1:7.6.1+dfsg-1build1 [135 kB]
#8 38.37 Get:213 http://archive.ubuntu.com/ubuntu noble/universe amd64 libceres4t64 amd64 2.2.0+dfsg-4.1ubuntu2 [1074 kB]
#8 38.49 Get:214 http://archive.ubuntu.com/ubuntu noble/universe amd64 libcxsparse4 amd64 1:7.6.1+dfsg-1build1 [75.1 kB]
#8 38.50 Get:215 http://archive.ubuntu.com/ubuntu noble/universe amd64 libklu2 amd64 1:7.6.1+dfsg-1build1 [79.0 kB]
#8 38.50 Get:216 http://archive.ubuntu.com/ubuntu noble/universe amd64 libldl3 amd64 1:7.6.1+dfsg-1build1 [13.3 kB]
#8 38.50 Get:217 http://archive.ubuntu.com/ubuntu noble/universe amd64 libsuitesparse-mongoose3 amd64 1:7.6.1+dfsg-1build1 [33.5 kB]
#8 38.51 Get:218 http://archive.ubuntu.com/ubuntu noble/universe amd64 libumfpack6 amd64 1:7.6.1+dfsg-1build1 [268 kB]
#8 38.97 Get:219 http://archive.ubuntu.com/ubuntu noble/universe amd64 librbio4 amd64 1:7.6.1+dfsg-1build1 [26.5 kB]
#8 38.97 Get:220 http://archive.ubuntu.com/ubuntu noble/universe amd64 libspex2 amd64 1:7.6.1+dfsg-1build1 [35.0 kB]
#8 38.98 Get:221 http://archive.ubuntu.com/ubuntu noble/universe amd64 libparu0 amd64 1:7.6.1+dfsg-1build1 [50.0 kB]
#8 39.00 Get:222 http://archive.ubuntu.com/ubuntu noble/universe amd64 libsuitesparse-dev amd64 1:7.6.1+dfsg-1build1 [1535 kB]
#8 39.17 Get:223 http://archive.ubuntu.com/ubuntu noble/universe amd64 libceres-dev amd64 2.2.0+dfsg-4.1ubuntu2 [1703 kB]
#8 39.36 Get:224 http://archive.ubuntu.com/ubuntu noble/universe amd64 libcfitsio-dev amd64 4.3.1-1.1build2 [598 kB]
#8 39.42 Get:225 http://archive.ubuntu.com/ubuntu noble/universe amd64 libllvm15t64 amd64 1:15.0.7-14build3 [25.5 MB]
#8 41.89 Get:226 http://archive.ubuntu.com/ubuntu noble/universe amd64 libclang1-15t64 amd64 1:15.0.7-14build3 [6958 kB]
#8 42.58 Get:227 http://archive.ubuntu.com/ubuntu noble/universe amd64 libcli11-dev all 2.4.1+ds-1 [77.4 kB]
#8 42.58 Get:228 http://archive.ubuntu.com/ubuntu noble/universe amd64 libdav1d-dev amd64 1.4.1-1build1 [25.3 kB]
#8 42.58 Get:229 http://archive.ubuntu.com/ubuntu noble-updates/main amd64 libdbus-1-dev amd64 1.14.10-4ubuntu4.1 [190 kB]
#8 42.61 Get:230 http://archive.ubuntu.com/ubuntu noble/main amd64 libde265-dev amd64 1.0.15-1build3 [12.6 kB]
#8 42.61 Get:231 http://archive.ubuntu.com/ubuntu noble/main amd64 libwayland-bin amd64 1.22.0-2.1build1 [20.6 kB]
#8 42.61 Get:232 http://archive.ubuntu.com/ubuntu noble/main amd64 libwayland-dev amd64 1.22.0-2.1build1 [71.3 kB]
#8 42.62 Get:233 http://archive.ubuntu.com/ubuntu noble/main amd64 libdecor-0-dev amd64 0.2.2-1build2 [5726 B]
#8 42.62 Get:234 http://archive.ubuntu.com/ubuntu noble-updates/main amd64 libdrm-radeon1 amd64 2.4.125-1ubuntu0.1~24.04.2 [20.8 kB]
#8 42.62 Get:235 http://archive.ubuntu.com/ubuntu noble-updates/main amd64 libdrm-nouveau2 amd64 2.4.125-1ubuntu0.1~24.04.2 [17.6 kB]
#8 42.63 Get:236 http://archive.ubuntu.com/ubuntu noble-updates/main amd64 libpciaccess-dev amd64 0.17-3ubuntu0.24.04.2 [22.0 kB]
#8 42.64 Get:237 http://archive.ubuntu.com/ubuntu noble-updates/main amd64 libdrm-dev amd64 2.4.125-1ubuntu0.1~24.04.2 [314 kB]
#8 42.67 Get:238 http://archive.ubuntu.com/ubuntu noble/universe amd64 libccd2 amd64 2.1-2 [21.8 kB]
#8 42.67 Get:239 http://archive.ubuntu.com/ubuntu noble/universe amd64 liboctomap1.9t64 amd64 1.9.7+dfsg-3.1build3 [81.6 kB]
#8 42.69 Get:240 http://archive.ubuntu.com/ubuntu noble/universe amd64 libfcl0.7 amd64 0.7.0-3build2 [846 kB]
#8 42.82 Get:241 http://archive.ubuntu.com/ubuntu noble/universe amd64 libflann1.9 amd64 1.9.2+dfsg-2build1 [794 kB]
#8 42.90 Get:242 http://archive.ubuntu.com/ubuntu noble/universe amd64 libhdf5-openmpi-103-1t64 amd64 1.10.10+repack-3.1ubuntu4 [1325 kB]
#8 43.02 Get:243 http://archive.ubuntu.com/ubuntu noble/universe amd64 libhdf5-openmpi-fortran-102t64 amd64 1.10.10+repack-3.1ubuntu4 [85.5 kB]
#8 43.03 Get:244 http://archive.ubuntu.com/ubuntu noble/universe amd64 libhdf5-openmpi-hl-100t64 amd64 1.10.10+repack-3.1ubuntu4 [56.4 kB]
#8 43.03 Get:245 http://archive.ubuntu.com/ubuntu noble/universe amd64 libhdf5-openmpi-hl-fortran-100t64 amd64 1.10.10+repack-3.1ubuntu4 [31.7 kB]
#8 43.04 Get:246 http://archive.ubuntu.com/ubuntu noble/universe amd64 libhdf5-openmpi-cpp-103-1t64 amd64 1.10.10+repack-3.1ubuntu4 [127 kB]
#8 43.05 Get:247 http://archive.ubuntu.com/ubuntu noble/universe amd64 libhdf5-openmpi-hl-cpp-100t64 amd64 1.10.10+repack-3.1ubuntu4 [11.2 kB]
#8 43.07 Get:248 http://archive.ubuntu.com/ubuntu noble/universe amd64 libhdf5-openmpi-dev amd64 1.10.10+repack-3.1ubuntu4 [2850 kB]
#8 43.33 Get:249 http://archive.ubuntu.com/ubuntu noble/universe amd64 libhdf5-mpi-dev amd64 1.10.10+repack-3.1ubuntu4 [4622 B]
#8 43.33 Get:250 http://archive.ubuntu.com/ubuntu noble/universe amd64 libflann-dev amd64 1.9.2+dfsg-2build1 [816 kB]
#8 43.42 Get:251 http://archive.ubuntu.com/ubuntu noble/universe amd64 libfyba-dev amd64 4.1.1-11build1 [178 kB]
#8 43.45 Get:252 http://archive.ubuntu.com/ubuntu noble-updates/main amd64 libgbm-dev amd64 25.2.8-0ubuntu0.24.04.2 [12.8 kB]
#8 43.45 Get:253 http://archive.ubuntu.com/ubuntu noble/universe amd64 libgeographiclib26 amd64 2.3-1build1 [251 kB]
#8 43.49 Get:254 http://archive.ubuntu.com/ubuntu noble/universe amd64 libgeographiclib-dev amd64 2.3-1build1 [416 kB]
#8 43.53 Get:255 http://archive.ubuntu.com/ubuntu noble/universe amd64 libgeos-dev amd64 3.12.1-3build1 [54.4 kB]
#8 43.54 Get:256 http://archive.ubuntu.com/ubuntu noble/main amd64 libgif-dev amd64 5.2.2-1ubuntu1 [22.7 kB]
#8 43.54 Get:257 http://archive.ubuntu.com/ubuntu noble/universe amd64 libgl2ps-dev amd64 1.4.2+dfsg1-2build1 [247 kB]
#8 43.56 Get:258 http://archive.ubuntu.com/ubuntu noble-updates/main amd64 libheif-plugin-aomdec amd64 1.17.6-1ubuntu4.3 [10.6 kB]
#8 43.57 Get:259 http://archive.ubuntu.com/ubuntu noble-updates/main amd64 libheif1 amd64 1.17.6-1ubuntu4.3 [276 kB]
#8 43.60 Get:260 http://archive.ubuntu.com/ubuntu noble-updates/main amd64 libheif-plugin-libde265 amd64 1.17.6-1ubuntu4.3 [8156 B]
#8 43.60 Get:261 http://archive.ubuntu.com/ubuntu noble/main amd64 libwmflite-0.2-7 amd64 0.2.13-1.1build3 [68.6 kB]
#8 43.62 Get:262 http://archive.ubuntu.com/ubuntu noble/universe amd64 libgraphicsmagick-q16-3t64 amd64 1.4+really1.3.42-1.1build3 [1257 kB]
#8 43.72 Get:263 http://archive.ubuntu.com/ubuntu noble/universe amd64 libgraphics-magick-perl amd64 1.4+really1.3.42-1.1build3 [58.0 kB]
#8 43.72 Get:264 http://archive.ubuntu.com/ubuntu noble/universe amd64 libgraphicsmagick++-q16-12t64 amd64 1.4+really1.3.42-1.1build3 [117 kB]
#8 43.74 Get:265 http://archive.ubuntu.com/ubuntu noble-updates/main amd64 liblcms2-dev amd64 2.14-2ubuntu0.1 [1809 kB]
#8 43.93 Get:266 http://archive.ubuntu.com/ubuntu noble/main amd64 libwmf-0.2-7 amd64 0.2.13-1.1build3 [92.0 kB]
#8 43.94 Get:267 http://archive.ubuntu.com/ubuntu noble/main amd64 libwmf-dev amd64 0.2.13-1.1build3 [236 kB]
#8 43.97 Get:268 http://archive.ubuntu.com/ubuntu noble/universe amd64 libx265-dev amd64 3.5-2build1 [1351 kB]
#8 44.18 Get:269 http://archive.ubuntu.com/ubuntu noble-updates/universe amd64 libheif-dev amd64 1.17.6-1ubuntu4.3 [41.6 kB]
#8 44.18 Get:270 http://archive.ubuntu.com/ubuntu noble/universe amd64 libhwy-dev amd64 1.0.7-8.1build1 [316 kB]
#8 44.21 Get:271 http://archive.ubuntu.com/ubuntu noble-updates/universe amd64 libjxl-dev amd64 0.7.0-10.2ubuntu6.1 [42.2 kB]
#8 44.22 Get:272 http://archive.ubuntu.com/ubuntu noble/universe amd64 libgraphicsmagick1-dev amd64 1.4+really1.3.42-1.1build3 [1555 kB]
#8 44.38 Get:273 http://archive.ubuntu.com/ubuntu noble/universe amd64 libgraphicsmagick++1-dev amd64 1.4+really1.3.42-1.1build3 [293 kB]
#8 44.43 Get:274 http://archive.ubuntu.com/ubuntu noble/universe amd64 libgts-dev amd64 0.7.6+darcs121130-5.2build1 [193 kB]
#8 44.45 Get:275 http://archive.ubuntu.com/ubuntu noble/universe amd64 libibus-1.0-dev amd64 1.5.29-2 [187 kB]
#8 44.48 Get:276 http://archive.ubuntu.com/ubuntu noble/universe amd64 libjxr0t64 amd64 1.2~git20170615.f752187-5.1ubuntu2 [181 kB]
#8 44.50 Get:277 http://archive.ubuntu.com/ubuntu noble/universe amd64 libkmlconvenience1t64 amd64 1.3.0-12build1 [49.8 kB]
#8 44.52 Get:278 http://archive.ubuntu.com/ubuntu noble/universe amd64 libkmlregionator1t64 amd64 1.3.0-12build1 [21.4 kB]
#8 44.52 Get:279 http://archive.ubuntu.com/ubuntu noble/universe amd64 libkmlxsd1t64 amd64 1.3.0-12build1 [29.7 kB]
#8 44.52 Get:280 http://archive.ubuntu.com/ubuntu noble/universe amd64 liblua5.2-0 amd64 5.2.4-3build2 [123 kB]
#8 44.54 Get:281 http://archive.ubuntu.com/ubuntu noble/main amd64 libreadline-dev amd64 8.2-4build1 [167 kB]
#8 44.55 Get:282 http://archive.ubuntu.com/ubuntu noble/universe amd64 liblua5.2-dev amd64 5.2.4-3build2 [1815 kB]
#8 44.71 Get:283 http://archive.ubuntu.com/ubuntu noble-updates/universe amd64 libminizip-dev amd64 1:1.3.dfsg-3.1ubuntu2.1 [30.2 kB]
#8 44.71 Get:284 http://archive.ubuntu.com/ubuntu noble/universe amd64 libnanoflann-dev all 1.5.4+ds-1 [196 kB]
#8 44.72 Get:285 http://archive.ubuntu.com/ubuntu noble/universe amd64 libnetcdf-dev amd64 1:4.9.2-5ubuntu4 [58.0 kB]
#8 44.73 Get:286 http://archive.ubuntu.com/ubuntu noble/universe amd64 liboctomap-dev amd64 1.9.7+dfsg-3.1build3 [1162 kB]
#8 44.86 Get:287 http://archive.ubuntu.com/ubuntu noble-updates/main amd64 libodbccr2 amd64 2.3.12-1ubuntu0.24.04.1 [16.1 kB]
#8 44.86 Get:288 http://archive.ubuntu.com/ubuntu noble/universe amd64 libode8t64 amd64 2:0.16.2-1.1build1 [417 kB]
#8 44.88 Get:289 http://archive.ubuntu.com/ubuntu noble/universe amd64 libode-dev amd64 2:0.16.2-1.1build1 [538 kB]
#8 44.91 Get:290 http://archive.ubuntu.com/ubuntu noble/main amd64 libtirpc-dev amd64 1.3.4+ds-1.1build1 [193 kB]
#8 44.94 Get:291 http://archive.ubuntu.com/ubuntu noble/universe amd64 libogdi-dev amd64 4.1.1+ds-3build1 [22.8 kB]
#8 44.94 Get:292 http://archive.ubuntu.com/ubuntu noble-updates/main amd64 libopenjp2-7 amd64 2.5.0-2ubuntu0.5 [174 kB]
#8 44.95 Get:293 http://archive.ubuntu.com/ubuntu noble-updates/main amd64 libraw23t64 amd64 0.21.2-2.1ubuntu0.24.04.1 [378 kB]
#8 44.99 Get:294 http://archive.ubuntu.com/ubuntu noble/universe amd64 libfreeimage3 amd64 3.18.0+ds2-10build4 [297 kB]
#8 45.03 Get:295 http://archive.ubuntu.com/ubuntu noble/universe amd64 libzzip-0-13t64 amd64 0.13.72+dfsg.1-1.2build1 [28.1 kB]
#8 45.03 Get:296 http://archive.ubuntu.com/ubuntu noble/universe amd64 libogre-1.9.0t64 amd64 1.9.0+dfsg1-14.1build2 [2776 kB]
#8 45.29 Get:297 http://archive.ubuntu.com/ubuntu noble/universe amd64 libogre-1.9-dev amd64 1.9.0+dfsg1-14.1build2 [980 kB]
#8 45.36 Get:298 http://archive.ubuntu.com/ubuntu noble-updates/universe amd64 libomp5-18 amd64 1:18.1.3-1ubuntu1 [608 kB]
#8 45.40 Get:299 http://archive.ubuntu.com/ubuntu noble-updates/universe amd64 libomp-18-dev amd64 1:18.1.3-1ubuntu1 [968 kB]
#8 45.50 Get:300 http://archive.ubuntu.com/ubuntu noble/universe amd64 libtinyxml2.6.2v5 amd64 2.6.2-6.1 [37.4 kB]
#8 45.50 Get:301 http://archive.ubuntu.com/ubuntu noble/universe amd64 libopenni0t64 amd64 1.5.4.0+dfsg-7.1build1 [300 kB]
#8 45.52 Get:302 http://archive.ubuntu.com/ubuntu noble/universe amd64 libopenni-dev amd64 1.5.4.0+dfsg-7.1build1 [139 kB]
#8 45.52 Get:303 http://archive.ubuntu.com/ubuntu noble/universe amd64 libpcl-common1.14 amd64 1.14.0+dfsg-1 [176 kB]
#8 45.54 Get:304 http://archive.ubuntu.com/ubuntu noble/universe amd64 libpcl-kdtree1.14 amd64 1.14.0+dfsg-1 [229 kB]
#8 45.56 Get:305 http://archive.ubuntu.com/ubuntu noble/universe amd64 libpcl-octree1.14 amd64 1.14.0+dfsg-1 [249 kB]
#8 45.57 Get:306 http://archive.ubuntu.com/ubuntu noble/universe amd64 libpcl-sample-consensus1.14 amd64 1.14.0+dfsg-1 [1355 kB]
#8 45.71 Get:307 http://archive.ubuntu.com/ubuntu noble/universe amd64 libpcl-search1.14 amd64 1.14.0+dfsg-1 [246 kB]
#8 45.73 Get:308 http://archive.ubuntu.com/ubuntu noble/universe amd64 libpcl-filters1.14 amd64 1.14.0+dfsg-1 [1042 kB]
#8 45.90 Get:309 http://archive.ubuntu.com/ubuntu noble/universe amd64 libpcl-features1.14 amd64 1.14.0+dfsg-1 [4105 kB]
#8 46.60 Get:310 http://archive.ubuntu.com/ubuntu noble/universe amd64 libpcl-ml1.14 amd64 1.14.0+dfsg-1 [71.2 kB]
#8 46.60 Get:311 http://archive.ubuntu.com/ubuntu noble/universe amd64 libpcl-segmentation1.14 amd64 1.14.0+dfsg-1 [1366 kB]
#8 46.77 Get:312 http://archive.ubuntu.com/ubuntu noble/universe amd64 libpcl-surface1.14 amd64 1.14.0+dfsg-1 [871 kB]
#8 46.91 Get:313 http://archive.ubuntu.com/ubuntu noble/universe amd64 libpcl-apps1.14 amd64 1.14.0+dfsg-1 [218 kB]
#8 46.93 Get:314 http://archive.ubuntu.com/ubuntu noble/universe amd64 libpcl-io1.14 amd64 1.14.0+dfsg-1 [564 kB]
#8 47.06 Get:315 http://archive.ubuntu.com/ubuntu noble/universe amd64 libpcl-keypoints1.14 amd64 1.14.0+dfsg-1 [255 kB]
#8 47.11 Get:316 http://archive.ubuntu.com/ubuntu noble/universe amd64 libpcl-outofcore1.14 amd64 1.14.0+dfsg-1 [36.1 kB]
#8 47.12 Get:317 http://archive.ubuntu.com/ubuntu noble/universe amd64 libpcl-people1.14 amd64 1.14.0+dfsg-1 [21.5 kB]
#8 47.12 Get:318 http://archive.ubuntu.com/ubuntu noble/universe amd64 libpcl-registration1.14 amd64 1.14.0+dfsg-1 [372 kB]
#8 47.16 Get:319 http://archive.ubuntu.com/ubuntu noble/universe amd64 libpcl-recognition1.14 amd64 1.14.0+dfsg-1 [732 kB]
#8 47.28 Get:320 http://archive.ubuntu.com/ubuntu noble/universe amd64 libpcl-stereo1.14 amd64 1.14.0+dfsg-1 [60.2 kB]
#8 47.28 Get:321 http://archive.ubuntu.com/ubuntu noble/universe amd64 libpcl-tracking1.14 amd64 1.14.0+dfsg-1 [391 kB]
#8 47.33 Get:322 http://archive.ubuntu.com/ubuntu noble/universe amd64 libpcl-visualization1.14 amd64 1.14.0+dfsg-1 [304 kB]
#8 47.36 Get:323 http://archive.ubuntu.com/ubuntu noble/universe amd64 libpcre16-3 amd64 2:8.39-15build1 [165 kB]
#8 47.38 Get:324 http://archive.ubuntu.com/ubuntu noble/universe amd64 libpcre3 amd64 2:8.39-15build1 [248 kB]
#8 47.40 Get:325 http://archive.ubuntu.com/ubuntu noble/universe amd64 libpcre32-3 amd64 2:8.39-15build1 [155 kB]
#8 47.41 Get:326 http://archive.ubuntu.com/ubuntu noble/universe amd64 libpcrecpp0v5 amd64 2:8.39-15build1 [16.2 kB]
#8 47.41 Get:327 http://archive.ubuntu.com/ubuntu noble/universe amd64 libpcre3-dev amd64 2:8.39-15build1 [584 kB]
#8 47.49 Get:328 http://archive.ubuntu.com/ubuntu noble/universe amd64 libpocofoundation80t64 amd64 1.11.0-4.1build2 [517 kB]
#8 47.59 Get:329 http://archive.ubuntu.com/ubuntu noble/universe amd64 libpocodata80t64 amd64 1.11.0-4.1build2 [411 kB]
#8 47.64 Get:330 http://archive.ubuntu.com/ubuntu noble/universe amd64 libpocoactiverecord80t64 amd64 1.11.0-4.1build2 [12.6 kB]
#8 47.64 Get:331 http://archive.ubuntu.com/ubuntu noble/universe amd64 libpococrypto80t64 amd64 1.11.0-4.1build2 [81.9 kB]
#8 47.69 Get:332 http://archive.ubuntu.com/ubuntu noble/universe amd64 libpocoencodings80t64 amd64 1.11.0-4.1build2 [515 kB]
#8 47.75 Get:333 http://archive.ubuntu.com/ubuntu noble/universe amd64 libpocojson80t64 amd64 1.11.0-4.1build2 [104 kB]
#8 47.76 Get:334 http://archive.ubuntu.com/ubuntu noble/universe amd64 libpocojwt80t64 amd64 1.11.0-4.1build2 [54.0 kB]
#8 47.77 Get:335 http://archive.ubuntu.com/ubuntu noble/universe amd64 libpocodatamysql80t64 amd64 1.11.0-4.1build2 [57.2 kB]
#8 47.78 Get:336 http://archive.ubuntu.com/ubuntu noble-updates/main amd64 libpq5 amd64 16.14-0ubuntu0.24.04.1 [147 kB]
#8 47.80 Get:337 http://archive.ubuntu.com/ubuntu noble/universe amd64 libpocodatapostgresql80t64 amd64 1.11.0-4.1build2 [80.4 kB]
#8 47.81 Get:338 http://archive.ubuntu.com/ubuntu noble/universe amd64 libpoconet80t64 amd64 1.11.0-4.1build2 [385 kB]
#8 47.84 Get:339 http://archive.ubuntu.com/ubuntu noble/universe amd64 libpocomongodb80t64 amd64 1.11.0-4.1build2 [69.8 kB]
#8 47.85 Get:340 http://archive.ubuntu.com/ubuntu noble/universe amd64 libpocoxml80t64 amd64 1.11.0-4.1build2 [150 kB]
#8 47.93 Get:341 http://archive.ubuntu.com/ubuntu noble/universe amd64 libpocoutil80t64 amd64 1.11.0-4.1build2 [128 kB]
#8 47.94 Get:342 http://archive.ubuntu.com/ubuntu noble/universe amd64 libpoconetssl80t64 amd64 1.11.0-4.1build2 [90.0 kB]
#8 47.95 Get:343 http://archive.ubuntu.com/ubuntu noble/universe amd64 libpocodataodbc80t64 amd64 1.11.0-4.1build2 [223 kB]
#8 47.98 Get:344 http://archive.ubuntu.com/ubuntu noble/universe amd64 libpocodatasqlite80t64 amd64 1.11.0-4.1build2 [93.0 kB]
#8 47.99 Get:345 http://archive.ubuntu.com/ubuntu noble/universe amd64 libpocoredis80t64 amd64 1.11.0-4.1build2 [46.0 kB]
#8 47.99 Get:346 http://archive.ubuntu.com/ubuntu noble/universe amd64 libpocozip80t64 amd64 1.11.0-4.1build2 [82.0 kB]
#8 48.02 Get:347 http://archive.ubuntu.com/ubuntu noble/universe amd64 libpoco-dev amd64 1.11.0-4.1build2 [578 kB]
#8 48.10 Get:348 http://archive.ubuntu.com/ubuntu noble-updates/main amd64 libpoppler134 amd64 24.02.0-1ubuntu9.9 [1118 kB]
#8 48.26 Get:349 http://archive.ubuntu.com/ubuntu noble-updates/main amd64 libpoppler-dev amd64 24.02.0-1ubuntu9.9 [5204 B]
#8 48.30 Get:350 http://archive.ubuntu.com/ubuntu noble-updates/main amd64 libpoppler-private-dev amd64 24.02.0-1ubuntu9.9 [197 kB]
#8 48.32 Get:351 http://archive.ubuntu.com/ubuntu noble-updates/main amd64 libpq-dev amd64 16.14-0ubuntu0.24.04.1 [152 kB]
#8 48.34 Get:352 http://archive.ubuntu.com/ubuntu noble-updates/main amd64 libprotobuf-lite32t64 amd64 3.21.12-8.2ubuntu0.3 [238 kB]
#8 48.37 Get:353 http://archive.ubuntu.com/ubuntu noble-updates/main amd64 libprotoc32t64 amd64 3.21.12-8.2ubuntu0.3 [683 kB]
#8 48.42 Get:354 http://archive.ubuntu.com/ubuntu noble-updates/main amd64 libpulse-mainloop-glib0 amd64 1:16.1+dfsg1-2ubuntu10.1 [12.2 kB]
#8 48.43 Get:355 http://archive.ubuntu.com/ubuntu noble-updates/universe amd64 libpulse-dev amd64 1:16.1+dfsg1-2ubuntu10.1 [75.6 kB]
#8 48.43 Get:356 http://archive.ubuntu.com/ubuntu noble/universe amd64 libqhull8.0 amd64 2020.2-6build1 [192 kB]
#8 48.45 Get:357 http://archive.ubuntu.com/ubuntu noble/universe amd64 libqhullcpp8.0 amd64 2020.2-6build1 [51.7 kB]
#8 48.47 Get:358 http://archive.ubuntu.com/ubuntu noble/universe amd64 libqhull-dev amd64 2020.2-6build1 [496 kB]
#8 48.53 Get:359 http://archive.ubuntu.com/ubuntu noble/universe amd64 libqt5charts5 amd64 5.15.13-1 [482 kB]
#8 48.57 Get:360 http://archive.ubuntu.com/ubuntu noble/universe amd64 libqt5designercomponents5 amd64 5.15.13-1 [785 kB]
#8 48.67 Get:361 http://archive.ubuntu.com/ubuntu noble/universe amd64 libqt5positioningquick5 amd64 5.15.13+dfsg-1 [43.6 kB]
#8 48.70 Get:362 http://archive.ubuntu.com/ubuntu noble/universe amd64 libqt5location5 amd64 5.15.13+dfsg-1 [745 kB]
#8 48.78 Get:363 http://archive.ubuntu.com/ubuntu noble/universe amd64 libqt5location5-plugins amd64 5.15.13+dfsg-1 [303 kB]
#8 48.81 Get:364 http://archive.ubuntu.com/ubuntu noble/universe amd64 libqt5serialport5 amd64 5.15.13-1 [34.3 kB]
#8 48.81 Get:365 http://archive.ubuntu.com/ubuntu noble/universe amd64 libqt5positioning5-plugins amd64 5.15.13+dfsg-1 [90.9 kB]
#8 48.82 Get:366 http://archive.ubuntu.com/ubuntu noble/universe amd64 libqt5quicktemplates2-5 amd64 5.15.13+dfsg-1 [435 kB]
#8 48.91 Get:367 http://archive.ubuntu.com/ubuntu noble/universe amd64 libqt5quickcontrols2-5 amd64 5.15.13+dfsg-1 [66.4 kB]
#8 48.92 Get:368 http://archive.ubuntu.com/ubuntu noble/universe amd64 librttopo-dev amd64 1.1.0-3build2 [238 kB]
#8 48.94 Get:369 http://archive.ubuntu.com/ubuntu noble/main amd64 libsamplerate0-dev amd64 0.2.2-4build1 [61.5 kB]
#8 48.94 Get:370 http://archive.ubuntu.com/ubuntu noble/universe amd64 libsndio-dev amd64 1.9.0-0.3build3 [17.7 kB]
#8 48.94 Get:371 http://archive.ubuntu.com/ubuntu noble-updates/main amd64 libudev-dev amd64 255.4-1ubuntu8.16 [22.0 kB]
#8 48.95 Get:372 http://archive.ubuntu.com/ubuntu noble/main amd64 libxfixes-dev amd64 1:6.0.0-2build1 [12.1 kB]
#8 48.96 Get:373 http://archive.ubuntu.com/ubuntu noble/main amd64 libxcursor-dev amd64 1:1.2.1-1build1 [31.8 kB]
#8 48.97 Get:374 http://archive.ubuntu.com/ubuntu noble/main amd64 libxi-dev amd64 2:1.8.1-1build1 [194 kB]
#8 48.99 Get:375 http://archive.ubuntu.com/ubuntu noble/main amd64 libxinerama-dev amd64 2:1.1.4-3build1 [7988 B]
#8 49.00 Get:376 http://archive.ubuntu.com/ubuntu noble/main amd64 libxkbcommon-dev amd64 1.6.0-1build1 [56.3 kB]
#8 49.02 Get:377 http://archive.ubuntu.com/ubuntu noble/main amd64 libxss-dev amd64 1:1.2.3-1build3 [12.1 kB]
#8 49.04 Get:378 http://archive.ubuntu.com/ubuntu noble/main amd64 libxv-dev amd64 2:1.0.11-1.1build1 [33.3 kB]
#8 49.05 Get:379 http://archive.ubuntu.com/ubuntu noble/main amd64 libxxf86vm-dev amd64 1:1.1.4-1build4 [13.8 kB]
#8 49.06 Get:380 http://archive.ubuntu.com/ubuntu noble-updates/universe amd64 libsdl2-dev amd64 2.30.0+dfsg-1ubuntu3.1 [1141 kB]
#8 49.26 Get:381 http://archive.ubuntu.com/ubuntu noble-updates/universe amd64 spirv-headers all 1.6.1+1.4.309.0-1~ubuntu0.24.04.2 [163 kB]
#8 49.28 Get:382 http://archive.ubuntu.com/ubuntu noble/universe amd64 libshaderc-dev amd64 2023.8-1build1 [69.4 kB]
#8 49.29 Get:383 http://archive.ubuntu.com/ubuntu noble/universe amd64 liburdfdom-model-state4.0 amd64 4.0.0-0ubuntu1 [13.6 kB]
#8 49.31 Get:384 http://archive.ubuntu.com/ubuntu noble/universe amd64 liburdfdom-model4.0 amd64 4.0.0-0ubuntu1 [46.3 kB]
#8 49.32 Get:385 http://archive.ubuntu.com/ubuntu noble/universe amd64 liburdfdom-sensor4.0 amd64 4.0.0-0ubuntu1 [11.1 kB]
#8 49.32 Get:386 http://archive.ubuntu.com/ubuntu noble/universe amd64 liburdfdom-world4.0 amd64 4.0.0-0ubuntu1 [45.3 kB]
#8 49.34 Get:387 http://archive.ubuntu.com/ubuntu noble/universe amd64 liburiparser-dev amd64 0.9.7+dfsg-2build1 [15.0 kB]
#8 49.35 Get:388 http://archive.ubuntu.com/ubuntu noble/universe amd64 libutfcpp-dev all 3.2.5+really3.2.4-1 [12.1 kB]
#8 49.36 Get:389 http://archive.ubuntu.com/ubuntu noble/universe amd64 libdouble-conversion-dev amd64 3.3.0-1build1 [60.5 kB]
#8 49.37 Get:390 http://archive.ubuntu.com/ubuntu noble/universe amd64 libfreexl-dev amd64 2.0.0-1build2 [43.8 kB]
#8 49.38 Get:391 http://archive.ubuntu.com/ubuntu noble/universe amd64 libproj-dev amd64 9.4.0-1build2 [75.9 kB]
#8 49.39 Get:392 http://archive.ubuntu.com/ubuntu noble/universe amd64 libgeotiff-dev amd64 1.7.1-5build1 [88.7 kB]
#8 49.42 Get:393 http://archive.ubuntu.com/ubuntu noble/universe amd64 libhdf4-alt-dev amd64 4.2.16-4build1 [387 kB]
#8 49.50 Get:394 http://archive.ubuntu.com/ubuntu noble/main amd64 libjson-c-dev amd64 0.17-1build1 [63.6 kB]
#8 49.52 Get:395 http://archive.ubuntu.com/ubuntu noble/universe amd64 libkml-dev amd64 1.3.0-12build1 [659 kB]
#8 49.64 Get:396 http://archive.ubuntu.com/ubuntu noble-updates/main amd64 libopenjp2-7-dev amd64 2.5.0-2ubuntu0.5 [258 kB]
#8 49.68 Get:397 http://archive.ubuntu.com/ubuntu noble/universe amd64 libspatialite-dev amd64 5.1.0-3build1 [2331 kB]
#8 50.10 Get:398 http://archive.ubuntu.com/ubuntu noble/universe amd64 libxerces-c-dev amd64 3.2.4+debian-1.2ubuntu2 [1815 kB]
#8 50.41 Get:399 http://archive.ubuntu.com/ubuntu noble-updates/main amd64 unixodbc-dev amd64 2.3.12-1ubuntu0.24.04.1 [250 kB]
#8 50.44 Get:400 http://archive.ubuntu.com/ubuntu noble/universe amd64 libgdal-dev amd64 3.8.4+dfsg-3ubuntu3 [211 kB]
#8 50.49 Get:401 http://archive.ubuntu.com/ubuntu noble/main amd64 libjsoncpp-dev amd64 1.9.5-6build1 [23.0 kB]
#8 50.50 Get:402 http://archive.ubuntu.com/ubuntu noble/universe amd64 libvtk9.1t64-qt amd64 9.1.0+really9.1.0+dfsg2-7.1build3 [172 kB]
#8 50.52 Get:403 http://archive.ubuntu.com/ubuntu noble/universe amd64 libvtk9-java amd64 9.1.0+really9.1.0+dfsg2-7.1build3 [6369 kB]
#8 51.54 Get:404 http://archive.ubuntu.com/ubuntu noble/main amd64 libxft-dev amd64 2.3.6-1build1 [64.3 kB]
#8 51.55 Get:405 http://archive.ubuntu.com/ubuntu noble/universe amd64 python3-mpi4py amd64 3.1.5-5ubuntu2 [466 kB]
#8 51.63 Get:406 http://archive.ubuntu.com/ubuntu noble/universe amd64 python3-vtk9 amd64 9.1.0+really9.1.0+dfsg2-7.1build3 [7296 kB]
#8 52.59 Get:407 http://archive.ubuntu.com/ubuntu noble/main amd64 tcl8.6 amd64 8.6.14+dfsg-1build1 [14.7 kB]
#8 52.60 Get:408 http://archive.ubuntu.com/ubuntu noble/main amd64 tcl8.6-dev amd64 8.6.14+dfsg-1build1 [1000 kB]
#8 52.75 Get:409 http://archive.ubuntu.com/ubuntu noble/main amd64 tcl amd64 8.6.14build1 [4124 B]
#8 52.75 Get:410 http://archive.ubuntu.com/ubuntu noble/main amd64 tcl-dev amd64 8.6.14build1 [5782 B]
#8 52.76 Get:411 http://archive.ubuntu.com/ubuntu noble/main amd64 tk8.6 amd64 8.6.14-1build1 [12.5 kB]
#8 52.77 Get:412 http://archive.ubuntu.com/ubuntu noble/main amd64 tk8.6-dev amd64 8.6.14-1build1 [788 kB]
#8 52.88 Get:413 http://archive.ubuntu.com/ubuntu noble/main amd64 tk amd64 8.6.14build1 [3076 B]
#8 52.88 Get:414 http://archive.ubuntu.com/ubuntu noble/main amd64 tk-dev amd64 8.6.14build1 [2914 B]
#8 52.90 Get:415 http://archive.ubuntu.com/ubuntu noble/universe amd64 vtk9 amd64 9.1.0+really9.1.0+dfsg2-7.1build3 [16.2 kB]
#8 52.91 Get:416 http://archive.ubuntu.com/ubuntu noble/universe amd64 libvtk9-dev amd64 9.1.0+really9.1.0+dfsg2-7.1build3 [2765 kB]
#8 53.38 Get:417 http://archive.ubuntu.com/ubuntu noble/universe amd64 qdoc-qt5 amd64 5.15.13-1 [634 kB]
#8 53.41 Get:418 http://archive.ubuntu.com/ubuntu noble/universe amd64 qhelpgenerator-qt5 amd64 5.15.13-1 [59.7 kB]
#8 53.42 Get:419 http://archive.ubuntu.com/ubuntu noble/universe amd64 qt5-assistant amd64 5.15.13-1 [362 kB]
#8 53.47 Get:420 http://archive.ubuntu.com/ubuntu noble/universe amd64 qtattributionsscanner-qt5 amd64 5.15.13-1 [34.3 kB]
#8 53.47 Get:421 http://archive.ubuntu.com/ubuntu noble/universe amd64 qttools5-dev-tools amd64 5.15.13-1 [1115 kB]
#8 53.67 Get:422 http://archive.ubuntu.com/ubuntu noble/universe amd64 qttools5-dev amd64 5.15.13-1 [204 kB]
#8 53.68 Get:423 http://archive.ubuntu.com/ubuntu noble/universe amd64 qttools5-private-dev amd64 5.15.13-1 [71.7 kB]
#8 53.69 Get:424 http://archive.ubuntu.com/ubuntu noble/universe amd64 libvtk9-qt-dev amd64 9.1.0+really9.1.0+dfsg2-7.1build3 [28.6 kB]
#8 53.69 Get:425 http://archive.ubuntu.com/ubuntu noble/main amd64 libx11-xcb-dev amd64 2:1.8.7-1build1 [9950 B]
#8 53.69 Get:426 http://archive.ubuntu.com/ubuntu noble/main amd64 libxcb-randr0-dev amd64 1.15-1ubuntu2 [21.7 kB]
#8 53.69 Get:427 http://archive.ubuntu.com/ubuntu noble/universe amd64 xtl-dev all 0.7.5-3 [91.9 kB]
#8 53.71 Get:428 http://archive.ubuntu.com/ubuntu noble/universe amd64 libxsimd-dev amd64 12.1.1-3build1 [123 kB]
#8 53.73 Get:429 http://archive.ubuntu.com/ubuntu noble/universe amd64 libxtensor-dev all 0.25.0-1 [199 kB]
#8 53.77 Get:430 http://archive.ubuntu.com/ubuntu noble/universe amd64 libzip4t64 amd64 1.7.3-1.1ubuntu2 [53.6 kB]
#8 53.77 Get:431 http://archive.ubuntu.com/ubuntu noble/universe amd64 libzip-dev amd64 1.7.3-1.1ubuntu2 [156 kB]
#8 53.79 Get:432 http://archive.ubuntu.com/ubuntu noble/universe amd64 libzzip-dev amd64 0.13.72+dfsg.1-1.2build1 [75.0 kB]
#8 53.80 Get:433 http://archive.ubuntu.com/ubuntu noble-updates/main amd64 mesa-vdpau-drivers amd64 25.2.8-0ubuntu0.24.04.2 [23.2 kB]
#8 53.81 Get:434 http://archive.ubuntu.com/ubuntu noble-updates/main amd64 mesa-vulkan-drivers amd64 25.2.8-0ubuntu0.24.04.2 [17.5 MB]
#8 56.11 Get:435 http://archive.ubuntu.com/ubuntu noble-updates/universe amd64 python3-protobuf amd64 3.21.12-8.2ubuntu0.3 [200 kB]
#8 56.13 Get:436 http://archive.ubuntu.com/ubuntu noble-updates/universe amd64 qml-module-qt-labs-folderlistmodel amd64 5.15.13+dfsg-1ubuntu0.1 [35.9 kB]
#8 56.13 Get:437 http://archive.ubuntu.com/ubuntu noble/universe amd64 qml-module-qt-labs-platform amd64 5.15.13+dfsg-1 [81.6 kB]
#8 56.14 Get:438 http://archive.ubuntu.com/ubuntu noble-updates/universe amd64 qml-module-qt-labs-settings amd64 5.15.13+dfsg-1ubuntu0.1 [26.4 kB]
#8 56.15 Get:439 http://archive.ubuntu.com/ubuntu noble/universe amd64 qml-module-qtcharts amd64 5.15.13-1 [137 kB]
#8 56.15 Get:440 http://archive.ubuntu.com/ubuntu noble/universe amd64 qml-module-qtlocation amd64 5.15.13+dfsg-1 [47.0 kB]
#8 56.15 Get:441 http://archive.ubuntu.com/ubuntu noble/universe amd64 qml-module-qtpositioning amd64 5.15.13+dfsg-1 [26.9 kB]
#8 56.17 Get:442 http://archive.ubuntu.com/ubuntu noble/universe amd64 qml-module-qtquick-templates2 amd64 5.15.13+dfsg-1 [76.5 kB]
#8 56.17 Get:443 http://archive.ubuntu.com/ubuntu noble/universe amd64 qml-module-qtquick-controls2 amd64 5.15.13+dfsg-1 [933 kB]
#8 56.28 Get:444 http://archive.ubuntu.com/ubuntu noble/universe amd64 qml-module-qtquick-privatewidgets amd64 5.15.13-1 [48.1 kB]
#8 56.28 Get:445 http://archive.ubuntu.com/ubuntu noble/universe amd64 qml-module-qtquick-dialogs amd64 5.15.13-1 [132 kB]
#8 56.30 Get:446 http://archive.ubuntu.com/ubuntu noble/universe amd64 qtquickcontrols2-5-dev amd64 5.15.13+dfsg-1 [11.3 kB]
#8 56.30 Get:447 http://archive.ubuntu.com/ubuntu noble/universe amd64 rapidjson-dev all 1.1.0+dfsg2-7.2 [96.7 kB]
#8 56.31 Get:448 http://archive.ubuntu.com/ubuntu noble-updates/main amd64 libprotobuf-dev amd64 3.21.12-8.2ubuntu0.3 [1413 kB]
#8 56.46 Get:449 http://archive.ubuntu.com/ubuntu noble-updates/main amd64 libprotoc-dev amd64 3.21.12-8.2ubuntu0.3 [1056 kB]
#8 56.60 Get:450 http://archive.ubuntu.com/ubuntu noble-updates/universe amd64 protobuf-compiler amd64 3.21.12-8.2ubuntu0.3 [29.0 kB]
#8 56.60 Get:451 http://archive.ubuntu.com/ubuntu noble/universe amd64 libpcl-dev amd64 1.14.0+dfsg-1 [1142 kB]
#8 56.70 Get:452 http://archive.ubuntu.com/ubuntu noble/universe amd64 libfreeimage-dev amd64 3.18.0+ds2-10build4 [378 kB]
#8 56.74 Get:453 http://archive.ubuntu.com/ubuntu noble/universe amd64 libccd-dev amd64 2.1-2 [10.5 kB]
#8 56.74 Get:454 http://archive.ubuntu.com/ubuntu noble/universe amd64 libfcl-dev amd64 0.7.0-3build2 [235 kB]
#8 56.75 Get:455 http://archive.ubuntu.com/ubuntu noble/universe amd64 liburdfdom-dev amd64 4.0.0-0ubuntu1 [8522 B]
#8 56.75 Get:456 http://archive.ubuntu.com/ubuntu noble/universe amd64 graphicsmagick-libmagick-dev-compat all 1.4+really1.3.42-1.1build3 [8600 B]
#8 56.76 Get:457 http://archive.ubuntu.com/ubuntu noble/universe amd64 libomp-dev amd64 1:18.0-59~exp2 [5366 B]
#8 76.47 Get:458 http://packages.ros.org/ros2/ubuntu noble/main amd64 ros-jazzy-gz-msgs-vendor amd64 0.0.6-1noble.20260225.232943 [979 kB]
#8 79.82 Get:459 http://packages.ros.org/ros2/ubuntu noble/main amd64 ros-jazzy-gz-fuel-tools-vendor amd64 0.0.6-1noble.20260226.001605 [226 kB]
#8 80.74 Get:460 http://packages.ros.org/ros2/ubuntu noble/main amd64 ros-jazzy-gz-plugin-vendor amd64 0.0.5-1noble.20260226.000520 [182 kB]
#8 81.05 Get:461 http://packages.ros.org/ros2/ubuntu noble/main amd64 ros-jazzy-gz-ogre-next-vendor amd64 0.0.5-1noble.20260225.232146 [3834 kB]
#8 89.55 Get:462 http://packages.ros.org/ros2/ubuntu noble/main amd64 ros-jazzy-gz-rendering-vendor amd64 0.0.7-1noble.20260226.001618 [3974 kB]
#8 95.41 Get:463 http://packages.ros.org/ros2/ubuntu noble/main amd64 ros-jazzy-gz-transport-vendor amd64 0.0.7-1noble.20260225.234741 [530 kB]
#8 96.31 Get:464 http://packages.ros.org/ros2/ubuntu noble/main amd64 ros-jazzy-gz-gui-vendor amd64 0.0.5-1noble.20260226.010336 [659 kB]
#8 97.24 Get:465 http://packages.ros.org/ros2/ubuntu noble/main amd64 ros-jazzy-gz-physics-vendor amd64 0.0.7-1noble.20260226.002542 [713 kB]
#8 98.04 Get:466 http://packages.ros.org/ros2/ubuntu noble/main amd64 ros-jazzy-gz-sensors-vendor amd64 0.0.6-1noble.20260226.005904 [397 kB]
#8 98.46 Get:467 http://packages.ros.org/ros2/ubuntu noble/main amd64 ros-jazzy-gz-sim-vendor amd64 0.0.10-1noble.20260318.175144 [10.7 MB]
#8 106.6 Get:468 http://packages.ros.org/ros2/ubuntu noble/main amd64 ros-jazzy-laser-filters amd64 2.0.9-1noble.20260412.053931 [604 kB]
#8 106.9 Get:469 http://packages.ros.org/ros2/ubuntu noble/main amd64 ros-jazzy-marine-acoustic-msgs amd64 2.1.0-2noble.20260412.035442 [163 kB]
#8 107.1 Get:470 http://packages.ros.org/ros2/ubuntu noble/main amd64 ros-jazzy-nav2-amcl amd64 1.3.11-1noble.20260412.054619 [397 kB]
#8 107.3 Get:471 http://packages.ros.org/ros2/ubuntu noble/main amd64 ros-jazzy-nav2-behaviors amd64 1.3.11-1noble.20260412.062201 [533 kB]
#8 107.6 Get:472 http://packages.ros.org/ros2/ubuntu noble/main amd64 ros-jazzy-ros-gz-interfaces amd64 1.0.22-1noble.20260412.034812 [395 kB]
#8 107.8 Get:473 http://packages.ros.org/ros2/ubuntu noble/main amd64 ros-jazzy-vision-msgs amd64 4.1.1-3noble.20260412.035702 [189 kB]
#8 107.8 Get:474 http://packages.ros.org/ros2/ubuntu noble/main amd64 ros-jazzy-ros-gz-bridge amd64 1.0.22-1noble.20260412.043437 [1927 kB]
#8 109.0 Get:475 http://packages.ros.org/ros2/ubuntu noble/main amd64 ros-jazzy-ros-gz-image amd64 1.0.22-1noble.20260412.051928 [27.0 kB]
#8 109.0 Get:476 http://packages.ros.org/ros2/ubuntu noble/main amd64 ros-jazzy-simulation-interfaces amd64 1.5.0-1noble.20260412.034853 [822 kB]
#8 109.3 Get:477 http://packages.ros.org/ros2/ubuntu noble/main amd64 ros-jazzy-ros-gz-sim amd64 1.0.22-1noble.20260412.044601 [704 kB]
#8 109.9 Get:478 http://packages.ros.org/ros2/ubuntu noble/main amd64 ros-jazzy-nav2-minimal-tb3-sim amd64 1.0.1-1noble.20260412.052302 [43.8 kB]
#8 109.9 Get:479 http://packages.ros.org/ros2/ubuntu noble/main amd64 ros-jazzy-nav2-minimal-tb4-description amd64 1.0.1-1noble.20260412.045340 [4524 kB]
#8 112.4 Get:480 http://packages.ros.org/ros2/ubuntu noble/main amd64 ros-jazzy-nav2-minimal-tb4-sim amd64 1.0.1-1noble.20260412.052305 [9910 B]
#8 112.4 Get:481 http://packages.ros.org/ros2/ubuntu noble/main amd64 ros-jazzy-nav2-bt-navigator amd64 1.3.11-1noble.20260412.062202 [476 kB]
#8 112.7 Get:482 http://packages.ros.org/ros2/ubuntu noble/main amd64 ros-jazzy-nav2-collision-monitor amd64 1.3.11-1noble.20260412.060219 [648 kB]
#8 113.0 Get:483 http://packages.ros.org/ros2/ubuntu noble/main amd64 ros-jazzy-nav2-constrained-smoother amd64 1.3.11-1noble.20260412.062205 [60.7 kB]
#8 113.0 Get:484 http://packages.ros.org/ros2/ubuntu noble/main amd64 ros-jazzy-nav2-controller amd64 1.3.11-1noble.20260412.062208 [349 kB]
#8 113.1 Get:485 http://packages.ros.org/ros2/ubuntu noble/main amd64 ros-jazzy-nav2-dwb-controller amd64 1.3.11-1noble.20260412.065547 [5144 B]
#8 113.1 Get:486 http://packages.ros.org/ros2/ubuntu noble/main amd64 ros-jazzy-nav2-graceful-controller amd64 1.3.11-1noble.20260412.062210 [105 kB]
#8 113.3 Get:487 http://packages.ros.org/ros2/ubuntu noble/main amd64 ros-jazzy-nav2-lifecycle-manager amd64 1.3.11-1noble.20260412.054912 [91.2 kB]
#8 113.3 Get:488 http://packages.ros.org/ros2/ubuntu noble/main amd64 ros-jazzy-nav2-map-server amd64 1.3.11-1noble.20260412.054646 [224 kB]
#8 113.4 Get:489 http://packages.ros.org/ros2/ubuntu noble/main amd64 ros-jazzy-nav2-mppi-controller amd64 1.3.11-1noble.20260412.062211 [455 kB]
#8 113.6 Get:490 http://packages.ros.org/ros2/ubuntu noble/main amd64 ros-jazzy-nav2-navfn-planner amd64 1.3.11-1noble.20260412.062212 [51.5 kB]
#8 113.6 Get:491 http://packages.ros.org/ros2/ubuntu noble/main amd64 ros-jazzy-nav2-planner amd64 1.3.11-1noble.20260412.062215 [209 kB]
#8 113.7 Get:492 http://packages.ros.org/ros2/ubuntu noble/main amd64 ros-jazzy-nav2-regulated-pure-pursuit-controller amd64 1.3.11-1noble.20260412.062217 [110 kB]
#8 113.7 Get:493 http://packages.ros.org/ros2/ubuntu noble/main amd64 ros-jazzy-nav2-rotation-shim-controller amd64 1.3.11-1noble.20260412.063202 [114 kB]
#8 113.9 Get:494 http://packages.ros.org/ros2/ubuntu noble/main amd64 ros-jazzy-nav2-route amd64 1.3.11-1noble.20260412.062220 [583 kB]
#8 114.0 Get:495 http://packages.ros.org/ros2/ubuntu noble/main amd64 ros-jazzy-nav2-rviz-plugins amd64 1.3.11-1noble.20260412.063246 [574 kB]
#8 114.3 Get:496 http://packages.ros.org/ros2/ubuntu noble/main amd64 ros-jazzy-nav2-simple-commander amd64 1.3.11-1noble.20260412.045449 [42.4 kB]
#8 114.3 Get:497 http://packages.ros.org/ros2/ubuntu noble/main amd64 ros-jazzy-ompl amd64 1.7.0-2noble.20260225.055751 [2388 kB]
#8 115.5 Get:498 http://packages.ros.org/ros2/ubuntu noble/main amd64 ros-jazzy-nav2-smac-planner amd64 1.3.11-1noble.20260412.062222 [620 kB]
#8 115.8 Get:499 http://packages.ros.org/ros2/ubuntu noble/main amd64 ros-jazzy-nav2-smoother amd64 1.3.11-1noble.20260412.062225 [275 kB]
#8 115.8 Get:500 http://packages.ros.org/ros2/ubuntu noble/main amd64 ros-jazzy-nav2-theta-star-planner amd64 1.3.11-1noble.20260412.062223 [46.4 kB]
#8 115.8 Get:501 http://packages.ros.org/ros2/ubuntu noble/main amd64 ros-jazzy-nav2-velocity-smoother amd64 1.3.11-1noble.20260412.073111 [160 kB]
#8 115.8 Get:502 http://packages.ros.org/ros2/ubuntu noble/main amd64 ros-jazzy-robot-localization amd64 3.8.3-1noble.20260412.054254 [881 kB]
#8 116.3 Get:503 http://packages.ros.org/ros2/ubuntu noble/main amd64 ros-jazzy-nav2-waypoint-follower amd64 1.3.11-1noble.20260412.062235 [369 kB]
#8 116.4 Get:504 http://packages.ros.org/ros2/ubuntu noble/main amd64 ros-jazzy-opennav-docking-core amd64 1.3.11-1noble.20260412.060417 [8450 B]
#8 116.4 Get:505 http://packages.ros.org/ros2/ubuntu noble/main amd64 ros-jazzy-opennav-docking amd64 1.3.11-1noble.20260412.063140 [580 kB]
#8 116.6 Get:506 http://packages.ros.org/ros2/ubuntu noble/main amd64 ros-jazzy-opennav-docking-bt amd64 1.3.11-1noble.20260412.063003 [140 kB]
#8 116.6 Get:507 http://packages.ros.org/ros2/ubuntu noble/main amd64 ros-jazzy-navigation2 amd64 1.3.11-1noble.20260412.073445 [5646 B]
#8 116.6 Get:508 http://packages.ros.org/ros2/ubuntu noble/main amd64 ros-jazzy-slam-toolbox amd64 2.8.4-1noble.20260412.063203 [1814 kB]
#8 117.1 Get:509 http://packages.ros.org/ros2/ubuntu noble/main amd64 ros-jazzy-nav2-bringup amd64 1.3.11-1noble.20260412.073537 [35.0 kB]
#8 117.6 debconf: delaying package configuration, since apt-utils is not installed
#8 117.7 Fetched 449 MB in 1min 47s (4211 kB/s)
#8 117.8 (Reading database ... (Reading database ... 5%(Reading database ... 10%(Reading database ... 15%(Reading database ... 20%(Reading database ... 25%(Reading database ... 30%(Reading database ... 35%(Reading database ... 40%(Reading database ... 45%(Reading database ... 50%(Reading database ... 55%(Reading database ... 60%(Reading database ... 65%(Reading database ... 70%(Reading database ... 75%(Reading database ... 80%(Reading database ... 85%(Reading database ... 90%(Reading database ... 95%(Reading database ... 100%(Reading database ... 107860 files and directories currently installed.)
#8 118.1 Preparing to unpack .../0-libnss-systemd_255.4-1ubuntu8.16_amd64.deb ...
#8 118.1 Unpacking libnss-systemd:amd64 (255.4-1ubuntu8.16) over (255.4-1ubuntu8.15) ...
#8 118.2 Preparing to unpack .../1-systemd-dev_255.4-1ubuntu8.16_all.deb ...
#8 118.2 Unpacking systemd-dev (255.4-1ubuntu8.16) over (255.4-1ubuntu8.15) ...
#8 118.5 Preparing to unpack .../2-systemd-timesyncd_255.4-1ubuntu8.16_amd64.deb ...
#8 118.5 Unpacking systemd-timesyncd (255.4-1ubuntu8.16) over (255.4-1ubuntu8.15) ...
#8 118.7 Preparing to unpack .../3-systemd-resolved_255.4-1ubuntu8.16_amd64.deb ...
#8 118.7 Unpacking systemd-resolved (255.4-1ubuntu8.16) over (255.4-1ubuntu8.15) ...
#8 118.9 Preparing to unpack .../4-libsystemd-shared_255.4-1ubuntu8.16_amd64.deb ...
#8 118.9 Unpacking libsystemd-shared:amd64 (255.4-1ubuntu8.16) over (255.4-1ubuntu8.15) ...
#8 119.0 Preparing to unpack .../5-libsystemd0_255.4-1ubuntu8.16_amd64.deb ...
#8 119.0 Unpacking libsystemd0:amd64 (255.4-1ubuntu8.16) over (255.4-1ubuntu8.15) ...
#8 119.2 Setting up libsystemd0:amd64 (255.4-1ubuntu8.16) ...
#8 119.3 (Reading database ... (Reading database ... 5%(Reading database ... 10%(Reading database ... 15%(Reading database ... 20%(Reading database ... 25%(Reading database ... 30%(Reading database ... 35%(Reading database ... 40%(Reading database ... 45%(Reading database ... 50%(Reading database ... 55%(Reading database ... 60%(Reading database ... 65%(Reading database ... 70%(Reading database ... 75%(Reading database ... 80%(Reading database ... 85%(Reading database ... 90%(Reading database ... 95%(Reading database ... 100%(Reading database ... 107860 files and directories currently installed.)
#8 119.3 Preparing to unpack .../systemd-sysv_255.4-1ubuntu8.16_amd64.deb ...
#8 119.4 Unpacking systemd-sysv (255.4-1ubuntu8.16) over (255.4-1ubuntu8.15) ...
#8 119.4 Preparing to unpack .../libpam-systemd_255.4-1ubuntu8.16_amd64.deb ...
#8 119.5 Unpacking libpam-systemd:amd64 (255.4-1ubuntu8.16) over (255.4-1ubuntu8.15) ...
#8 119.6 Preparing to unpack .../systemd_255.4-1ubuntu8.16_amd64.deb ...
#8 119.6 Unpacking systemd (255.4-1ubuntu8.16) over (255.4-1ubuntu8.15) ...
#8 121.5 Preparing to unpack .../udev_255.4-1ubuntu8.16_amd64.deb ...
#8 121.5 Unpacking udev (255.4-1ubuntu8.16) over (255.4-1ubuntu8.15) ...
#8 122.0 Preparing to unpack .../libudev1_255.4-1ubuntu8.16_amd64.deb ...
#8 122.1 Unpacking libudev1:amd64 (255.4-1ubuntu8.16) over (255.4-1ubuntu8.15) ...
#8 122.2 Setting up libudev1:amd64 (255.4-1ubuntu8.16) ...
#8 122.3 Selecting previously unselected package libhyphen0:amd64.
#8 122.3 (Reading database ... (Reading database ... 5%(Reading database ... 10%(Reading database ... 15%(Reading database ... 20%(Reading database ... 25%(Reading database ... 30%(Reading database ... 35%(Reading database ... 40%(Reading database ... 45%(Reading database ... 50%(Reading database ... 55%(Reading database ... 60%(Reading database ... 65%(Reading database ... 70%(Reading database ... 75%(Reading database ... 80%(Reading database ... 85%(Reading database ... 90%(Reading database ... 95%(Reading database ... 100%(Reading database ... 107860 files and directories currently installed.)
#8 122.4 Preparing to unpack .../000-libhyphen0_2.8.8-7build3_amd64.deb ...
#8 122.4 Unpacking libhyphen0:amd64 (2.8.8-7build3) ...
#8 122.5 Selecting previously unselected package libqt5positioning5:amd64.
#8 122.5 Preparing to unpack .../001-libqt5positioning5_5.15.13+dfsg-1_amd64.deb ...
#8 122.5 Unpacking libqt5positioning5:amd64 (5.15.13+dfsg-1) ...
#8 122.6 Selecting previously unselected package libqt5sensors5:amd64.
#8 122.6 Preparing to unpack .../002-libqt5sensors5_5.15.13-1_amd64.deb ...
#8 122.6 Unpacking libqt5sensors5:amd64 (5.15.13-1) ...
#8 122.7 Selecting previously unselected package libqt5webchannel5:amd64.
#8 122.7 Preparing to unpack .../003-libqt5webchannel5_5.15.13-1_amd64.deb ...
#8 122.7 Unpacking libqt5webchannel5:amd64 (5.15.13-1) ...
#8 122.7 Selecting previously unselected package libwoff1:amd64.
#8 122.7 Preparing to unpack .../004-libwoff1_1.0.2-2build1_amd64.deb ...
#8 122.8 Unpacking libwoff1:amd64 (1.0.2-2build1) ...
#8 122.8 Selecting previously unselected package libqt5webkit5:amd64.
#8 122.8 Preparing to unpack .../005-libqt5webkit5_5.212.0~alpha4-36_amd64.deb ...
#8 122.8 Unpacking libqt5webkit5:amd64 (5.212.0~alpha4-36) ...
#8 123.2 Selecting previously unselected package libqt5qmlworkerscript5:amd64.
#8 123.2 Preparing to unpack .../006-libqt5qmlworkerscript5_5.15.13+dfsg-1ubuntu0.1_amd64.deb ...
#8 123.2 Unpacking libqt5qmlworkerscript5:amd64 (5.15.13+dfsg-1ubuntu0.1) ...
#8 123.3 Selecting previously unselected package libqt5quickparticles5:amd64.
#8 123.3 Preparing to unpack .../007-libqt5quickparticles5_5.15.13+dfsg-1ubuntu0.1_amd64.deb ...
#8 123.3 Unpacking libqt5quickparticles5:amd64 (5.15.13+dfsg-1ubuntu0.1) ...
#8 123.4 Selecting previously unselected package libqt5quickshapes5:amd64.
#8 123.4 Preparing to unpack .../008-libqt5quickshapes5_5.15.13+dfsg-1ubuntu0.1_amd64.deb ...
#8 123.4 Unpacking libqt5quickshapes5:amd64 (5.15.13+dfsg-1ubuntu0.1) ...
#8 123.5 Selecting previously unselected package libqt5quicktest5:amd64.
#8 123.5 Preparing to unpack .../009-libqt5quicktest5_5.15.13+dfsg-1ubuntu0.1_amd64.deb ...
#8 123.5 Unpacking libqt5quicktest5:amd64 (5.15.13+dfsg-1ubuntu0.1) ...
#8 123.5 Selecting previously unselected package libqt5quickwidgets5:amd64.
#8 123.6 Preparing to unpack .../010-libqt5quickwidgets5_5.15.13+dfsg-1ubuntu0.1_amd64.deb ...
#8 123.6 Unpacking libqt5quickwidgets5:amd64 (5.15.13+dfsg-1ubuntu0.1) ...
#8 123.6 Selecting previously unselected package qt5-qmltooling-plugins:amd64.
#8 123.6 Preparing to unpack .../011-qt5-qmltooling-plugins_5.15.13+dfsg-1ubuntu0.1_amd64.deb ...
#8 123.6 Unpacking qt5-qmltooling-plugins:amd64 (5.15.13+dfsg-1ubuntu0.1) ...
#8 123.7 Selecting previously unselected package qtdeclarative5-dev-tools.
#8 123.7 Preparing to unpack .../012-qtdeclarative5-dev-tools_5.15.13+dfsg-1ubuntu0.1_amd64.deb ...
#8 123.7 Unpacking qtdeclarative5-dev-tools (5.15.13+dfsg-1ubuntu0.1) ...
#8 123.8 Selecting previously unselected package qtdeclarative5-dev:amd64.
#8 123.8 Preparing to unpack .../013-qtdeclarative5-dev_5.15.13+dfsg-1ubuntu0.1_amd64.deb ...
#8 123.8 Unpacking qtdeclarative5-dev:amd64 (5.15.13+dfsg-1ubuntu0.1) ...
#8 123.9 Selecting previously unselected package libqt5webkit5-dev:amd64.
#8 124.0 Preparing to unpack .../014-libqt5webkit5-dev_5.212.0~alpha4-36_amd64.deb ...
#8 124.0 Unpacking libqt5webkit5-dev:amd64 (5.212.0~alpha4-36) ...
#8 124.0 Selecting previously unselected package qml-module-qtquick-window2:amd64.
#8 124.0 Preparing to unpack .../015-qml-module-qtquick-window2_5.15.13+dfsg-1ubuntu0.1_amd64.deb ...
#8 124.1 Unpacking qml-module-qtquick-window2:amd64 (5.15.13+dfsg-1ubuntu0.1) ...
#8 124.1 Selecting previously unselected package qml-module-qtquick2:amd64.
#8 124.1 Preparing to unpack .../016-qml-module-qtquick2_5.15.13+dfsg-1ubuntu0.1_amd64.deb ...
#8 124.1 Unpacking qml-module-qtquick2:amd64 (5.15.13+dfsg-1ubuntu0.1) ...
#8 124.2 Selecting previously unselected package qml-module-qtgraphicaleffects:amd64.
#8 124.2 Preparing to unpack .../017-qml-module-qtgraphicaleffects_5.15.13-1_amd64.deb ...
#8 124.2 Unpacking qml-module-qtgraphicaleffects:amd64 (5.15.13-1) ...
#8 124.3 Selecting previously unselected package qml-module-qtqml:amd64.
#8 124.3 Preparing to unpack .../018-qml-module-qtqml_5.15.13+dfsg-1ubuntu0.1_amd64.deb ...
#8 124.3 Unpacking qml-module-qtqml:amd64 (5.15.13+dfsg-1ubuntu0.1) ...
#8 124.3 Selecting previously unselected package qml-module-qtqml-models2:amd64.
#8 124.4 Preparing to unpack .../019-qml-module-qtqml-models2_5.15.13+dfsg-1ubuntu0.1_amd64.deb ...
#8 124.4 Unpacking qml-module-qtqml-models2:amd64 (5.15.13+dfsg-1ubuntu0.1) ...
#8 124.4 Selecting previously unselected package qml-module-qtquick-layouts:amd64.
#8 124.4 Preparing to unpack .../020-qml-module-qtquick-layouts_5.15.13+dfsg-1ubuntu0.1_amd64.deb ...
#8 124.4 Unpacking qml-module-qtquick-layouts:amd64 (5.15.13+dfsg-1ubuntu0.1) ...
#8 124.5 Selecting previously unselected package qml-module-qtquick-controls:amd64.
#8 124.5 Preparing to unpack .../021-qml-module-qtquick-controls_5.15.13-1_amd64.deb ...
#8 124.5 Unpacking qml-module-qtquick-controls:amd64 (5.15.13-1) ...
#8 124.6 Selecting previously unselected package fonts-open-sans.
#8 124.6 Preparing to unpack .../022-fonts-open-sans_1.11-2_all.deb ...
#8 124.6 Unpacking fonts-open-sans (1.11-2) ...
#8 124.7 Selecting previously unselected package qml-module-qtquick-extras:amd64.
#8 124.7 Preparing to unpack .../023-qml-module-qtquick-extras_5.15.13-1_amd64.deb ...
#8 124.7 Unpacking qml-module-qtquick-extras:amd64 (5.15.13-1) ...
#8 124.8 Selecting previously unselected package libglib2.0-data.
#8 124.8 Preparing to unpack .../024-libglib2.0-data_2.80.0-6ubuntu3.8_all.deb ...
#8 124.8 Unpacking libglib2.0-data (2.80.0-6ubuntu3.8) ...
#8 124.9 Selecting previously unselected package libslang2:amd64.
#8 124.9 Preparing to unpack .../025-libslang2_2.3.3-3build2_amd64.deb ...
#8 124.9 Unpacking libslang2:amd64 (2.3.3-3build2) ...
#8 125.0 Preparing to unpack .../026-libdrm-common_2.4.125-1ubuntu0.1~24.04.2_all.deb ...
#8 125.0 Unpacking libdrm-common (2.4.125-1ubuntu0.1~24.04.2) over (2.4.125-1ubuntu0.1~24.04.1) ...
#8 125.1 Preparing to unpack .../027-libdrm2_2.4.125-1ubuntu0.1~24.04.2_amd64.deb ...
#8 125.1 Unpacking libdrm2:amd64 (2.4.125-1ubuntu0.1~24.04.2) over (2.4.125-1ubuntu0.1~24.04.1) ...
#8 125.2 Selecting previously unselected package libpcap0.8t64:amd64.
#8 125.2 Preparing to unpack .../028-libpcap0.8t64_1.10.4-4.1ubuntu3_amd64.deb ...
#8 125.2 Unpacking libpcap0.8t64:amd64 (1.10.4-4.1ubuntu3) ...
#8 125.3 Selecting previously unselected package ca-certificates-java.
#8 125.3 Preparing to unpack .../029-ca-certificates-java_20240118_all.deb ...
#8 125.3 Unpacking ca-certificates-java (20240118) ...
#8 125.4 Selecting previously unselected package libpgm-dev:amd64.
#8 125.4 Preparing to unpack .../030-libpgm-dev_5.3.128~dfsg-2.1build1_amd64.deb ...
#8 125.4 Unpacking libpgm-dev:amd64 (5.3.128~dfsg-2.1build1) ...
#8 125.5 Selecting previously unselected package libsodium-dev:amd64.
#8 125.5 Preparing to unpack .../031-libsodium-dev_1.0.18-1ubuntu0.24.04.1_amd64.deb ...
#8 125.5 Unpacking libsodium-dev:amd64 (1.0.18-1ubuntu0.24.04.1) ...
#8 125.5 Selecting previously unselected package libxml2-dev:amd64.
#8 125.6 Preparing to unpack .../032-libxml2-dev_2.9.14+dfsg-1.3ubuntu3.7_amd64.deb ...
#8 125.6 Unpacking libxml2-dev:amd64 (2.9.14+dfsg-1.3ubuntu3.7) ...
#8 125.6 Selecting previously unselected package libnorm-dev:amd64.
#8 125.6 Preparing to unpack .../033-libnorm-dev_1.5.9+dfsg-3.1build1_amd64.deb ...
#8 125.6 Unpacking libnorm-dev:amd64 (1.5.9+dfsg-3.1build1) ...
#8 125.7 Selecting previously unselected package comerr-dev:amd64.
#8 125.8 Preparing to unpack .../034-comerr-dev_2.1-1.47.0-2.4~exp1ubuntu4.1_amd64.deb ...
#8 125.8 Unpacking comerr-dev:amd64 (2.1-1.47.0-2.4~exp1ubuntu4.1) ...
#8 125.9 Selecting previously unselected package libgssrpc4t64:amd64.
#8 125.9 Preparing to unpack .../035-libgssrpc4t64_1.20.1-6ubuntu2.6_amd64.deb ...
#8 125.9 Unpacking libgssrpc4t64:amd64 (1.20.1-6ubuntu2.6) ...
#8 125.9 Selecting previously unselected package libkadm5clnt-mit12:amd64.
#8 126.0 Preparing to unpack .../036-libkadm5clnt-mit12_1.20.1-6ubuntu2.6_amd64.deb ...
#8 126.0 Unpacking libkadm5clnt-mit12:amd64 (1.20.1-6ubuntu2.6) ...
#8 126.0 Selecting previously unselected package libkdb5-10t64:amd64.
#8 126.0 Preparing to unpack .../037-libkdb5-10t64_1.20.1-6ubuntu2.6_amd64.deb ...
#8 126.0 Unpacking libkdb5-10t64:amd64 (1.20.1-6ubuntu2.6) ...
#8 126.1 Selecting previously unselected package libkadm5srv-mit12:amd64.
#8 126.1 Preparing to unpack .../038-libkadm5srv-mit12_1.20.1-6ubuntu2.6_amd64.deb ...
#8 126.1 Unpacking libkadm5srv-mit12:amd64 (1.20.1-6ubuntu2.6) ...
#8 126.2 Selecting previously unselected package krb5-multidev:amd64.
#8 126.2 Preparing to unpack .../039-krb5-multidev_1.20.1-6ubuntu2.6_amd64.deb ...
#8 126.2 Unpacking krb5-multidev:amd64 (1.20.1-6ubuntu2.6) ...
#8 126.3 Selecting previously unselected package libkrb5-dev:amd64.
#8 126.3 Preparing to unpack .../040-libkrb5-dev_1.20.1-6ubuntu2.6_amd64.deb ...
#8 126.3 Unpacking libkrb5-dev:amd64 (1.20.1-6ubuntu2.6) ...
#8 126.3 Selecting previously unselected package libmd-dev:amd64.
#8 126.3 Preparing to unpack .../041-libmd-dev_1.1.0-2build1.1_amd64.deb ...
#8 126.4 Unpacking libmd-dev:amd64 (1.1.0-2build1.1) ...
#8 126.4 Selecting previously unselected package libbsd-dev:amd64.
#8 126.4 Preparing to unpack .../042-libbsd-dev_0.12.1-1build1.1_amd64.deb ...
#8 126.4 Unpacking libbsd-dev:amd64 (0.12.1-1build1.1) ...
#8 126.5 Selecting previously unselected package libzmq3-dev:amd64.
#8 126.5 Preparing to unpack .../043-libzmq3-dev_4.3.5-1build2_amd64.deb ...
#8 126.5 Unpacking libzmq3-dev:amd64 (4.3.5-1build2) ...
#8 126.6 Selecting previously unselected package cppzmq-dev:amd64.
#8 126.6 Preparing to unpack .../044-cppzmq-dev_4.10.0-1build1_amd64.deb ...
#8 126.6 Unpacking cppzmq-dev:amd64 (4.10.0-1build1) ...
#8 126.7 Selecting previously unselected package java-common.
#8 126.7 Preparing to unpack .../045-java-common_0.75+exp1_all.deb ...
#8 126.7 Unpacking java-common (0.75+exp1) ...
#8 126.8 Preparing to unpack .../046-liblcms2-2_2.14-2ubuntu0.1_amd64.deb ...
#8 126.8 Unpacking liblcms2-2:amd64 (2.14-2ubuntu0.1) over (2.14-2build1) ...
#8 126.9 Selecting previously unselected package libpcsclite1:amd64.
#8 126.9 Preparing to unpack .../047-libpcsclite1_2.0.3-1build1_amd64.deb ...
#8 126.9 Unpacking libpcsclite1:amd64 (2.0.3-1build1) ...
#8 127.0 Selecting previously unselected package openjdk-21-jre-headless:amd64.
#8 127.0 Preparing to unpack .../048-openjdk-21-jre-headless_21.0.11+10-1~24.04.2_amd64.deb ...
#8 127.0 Unpacking openjdk-21-jre-headless:amd64 (21.0.11+10-1~24.04.2) ...
#8 128.0 Selecting previously unselected package default-jre-headless.
#8 128.0 Preparing to unpack .../049-default-jre-headless_2%3a1.21-75+exp1_amd64.deb ...
#8 128.0 Unpacking default-jre-headless (2:1.21-75+exp1) ...
#8 128.1 Selecting previously unselected package libasound2-data.
#8 128.1 Preparing to unpack .../050-libasound2-data_1.2.11-1ubuntu0.2_all.deb ...
#8 128.1 Unpacking libasound2-data (1.2.11-1ubuntu0.2) ...
#8 128.2 Selecting previously unselected package libasound2t64:amd64.
#8 128.2 Preparing to unpack .../051-libasound2t64_1.2.11-1ubuntu0.2_amd64.deb ...
#8 128.2 Unpacking libasound2t64:amd64 (1.2.11-1ubuntu0.2) ...
#8 128.2 Selecting previously unselected package openjdk-21-jre:amd64.
#8 128.2 Preparing to unpack .../052-openjdk-21-jre_21.0.11+10-1~24.04.2_amd64.deb ...
#8 128.3 Unpacking openjdk-21-jre:amd64 (21.0.11+10-1~24.04.2) ...
#8 128.3 Selecting previously unselected package default-jre.
#8 128.3 Preparing to unpack .../053-default-jre_2%3a1.21-75+exp1_amd64.deb ...
#8 128.4 Unpacking default-jre (2:1.21-75+exp1) ...
#8 128.4 Selecting previously unselected package openjdk-21-jdk-headless:amd64.
#8 128.5 Preparing to unpack .../054-openjdk-21-jdk-headless_21.0.11+10-1~24.04.2_amd64.deb ...
#8 128.5 Unpacking openjdk-21-jdk-headless:amd64 (21.0.11+10-1~24.04.2) ...
#8 128.8 Selecting previously unselected package default-jdk-headless.
#8 128.9 Preparing to unpack .../055-default-jdk-headless_2%3a1.21-75+exp1_amd64.deb ...
#8 128.9 Unpacking default-jdk-headless (2:1.21-75+exp1) ...
#8 128.9 Selecting previously unselected package openjdk-21-jdk:amd64.
#8 128.9 Preparing to unpack .../056-openjdk-21-jdk_21.0.11+10-1~24.04.2_amd64.deb ...
#8 129.0 Unpacking openjdk-21-jdk:amd64 (21.0.11+10-1~24.04.2) ...
#8 129.0 Selecting previously unselected package default-jdk.
#8 129.0 Preparing to unpack .../057-default-jdk_2%3a1.21-75+exp1_amd64.deb ...
#8 129.0 Unpacking default-jdk (2:1.21-75+exp1) ...
#8 129.1 Preparing to unpack .../058-libmysqlclient21_8.0.46-0ubuntu0.24.04.2_amd64.deb ...
#8 129.1 Unpacking libmysqlclient21:amd64 (8.0.46-0ubuntu0.24.04.2) over (8.0.45-0ubuntu0.24.04.1) ...
#8 129.3 Selecting previously unselected package libmysqlclient-dev.
#8 129.3 Preparing to unpack .../059-libmysqlclient-dev_8.0.46-0ubuntu0.24.04.2_amd64.deb ...
#8 129.3 Unpacking libmysqlclient-dev (8.0.46-0ubuntu0.24.04.2) ...
#8 129.4 Selecting previously unselected package default-libmysqlclient-dev:amd64.
#8 129.4 Preparing to unpack .../060-default-libmysqlclient-dev_1.1.0build1_amd64.deb ...
#8 129.4 Unpacking default-libmysqlclient-dev:amd64 (1.1.0build1) ...
#8 129.5 Selecting previously unselected package libglut3.12:amd64.
#8 129.5 Preparing to unpack .../061-libglut3.12_3.4.0-1build1_amd64.deb ...
#8 129.5 Unpacking libglut3.12:amd64 (3.4.0-1build1) ...
#8 129.6 Preparing to unpack .../062-libgl1-mesa-dev_25.2.8-0ubuntu0.24.04.2_amd64.deb ...
#8 129.6 Unpacking libgl1-mesa-dev:amd64 (25.2.8-0ubuntu0.24.04.2) over (25.2.8-0ubuntu0.24.04.1) ...
#8 129.6 Selecting previously unselected package libglut-dev:amd64.
#8 129.6 Preparing to unpack .../063-libglut-dev_3.4.0-1build1_amd64.deb ...
#8 129.7 Unpacking libglut-dev:amd64 (3.4.0-1build1) ...
#8 129.7 Selecting previously unselected package freeglut3-dev:amd64.
#8 129.8 Preparing to unpack .../064-freeglut3-dev_3.4.0-1build1_amd64.deb ...
#8 129.8 Unpacking freeglut3-dev:amd64 (3.4.0-1build1) ...
#8 129.8 Selecting previously unselected package libibus-1.0-5:amd64.
#8 129.8 Preparing to unpack .../065-libibus-1.0-5_1.5.29-2_amd64.deb ...
#8 129.8 Unpacking libibus-1.0-5:amd64 (1.5.29-2) ...
#8 129.9 Selecting previously unselected package gir1.2-ibus-1.0:amd64.
#8 129.9 Preparing to unpack .../066-gir1.2-ibus-1.0_1.5.29-2_amd64.deb ...
#8 129.9 Unpacking gir1.2-ibus-1.0:amd64 (1.5.29-2) ...
#8 130.0 Selecting previously unselected package spirv-tools.
#8 130.0 Preparing to unpack .../067-spirv-tools_2025.1~rc1-1~ubuntu0.24.04.2_amd64.deb ...
#8 130.0 Unpacking spirv-tools (2025.1~rc1-1~ubuntu0.24.04.2) ...
#8 130.2 Selecting previously unselected package glslang-dev:amd64.
#8 130.2 Preparing to unpack .../068-glslang-dev_15.1.0-2~ubuntu0.24.04.2_amd64.deb ...
#8 130.2 Unpacking glslang-dev:amd64 (15.1.0-2~ubuntu0.24.04.2) ...
#8 130.3 Selecting previously unselected package libshaderc1:amd64.
#8 130.3 Preparing to unpack .../069-libshaderc1_2023.8-1build1_amd64.deb ...
#8 130.3 Unpacking libshaderc1:amd64 (2023.8-1build1) ...
#8 130.4 Selecting previously unselected package glslc.
#8 130.5 Preparing to unpack .../070-glslc_2023.8-1build1_amd64.deb ...
#8 130.5 Unpacking glslc (2023.8-1build1) ...
#8 130.5 Selecting previously unselected package hdf5-helpers.
#8 130.5 Preparing to unpack .../071-hdf5-helpers_1.10.10+repack-3.1ubuntu4_amd64.deb ...
#8 130.5 Unpacking hdf5-helpers (1.10.10+repack-3.1ubuntu4) ...
#8 130.6 Selecting previously unselected package libabsl20220623t64:amd64.
#8 130.6 Preparing to unpack .../072-libabsl20220623t64_20220623.1-3.1ubuntu3.2_amd64.deb ...
#8 130.6 Unpacking libabsl20220623t64:amd64 (20220623.1-3.1ubuntu3.2) ...
#8 130.7 Selecting previously unselected package libabsl-dev:amd64.
#8 130.7 Preparing to unpack .../073-libabsl-dev_20220623.1-3.1ubuntu3.2_amd64.deb ...
#8 130.7 Unpacking libabsl-dev:amd64 (20220623.1-3.1ubuntu3.2) ...
#8 130.9 Selecting previously unselected package libsuitesparseconfig7:amd64.
#8 130.9 Preparing to unpack .../074-libsuitesparseconfig7_1%3a7.6.1+dfsg-1build1_amd64.deb ...
#8 130.9 Unpacking libsuitesparseconfig7:amd64 (1:7.6.1+dfsg-1build1) ...
#8 131.0 Selecting previously unselected package libamd3:amd64.
#8 131.0 Preparing to unpack .../075-libamd3_1%3a7.6.1+dfsg-1build1_amd64.deb ...
#8 131.0 Unpacking libamd3:amd64 (1:7.6.1+dfsg-1build1) ...
#8 131.1 Selecting previously unselected package libaom-dev:amd64.
#8 131.1 Preparing to unpack .../076-libaom-dev_3.8.2-2ubuntu0.1_amd64.deb ...
#8 131.1 Unpacking libaom-dev:amd64 (3.8.2-2ubuntu0.1) ...
#8 131.2 Selecting previously unselected package libblas-dev:amd64.
#8 131.2 Preparing to unpack .../077-libblas-dev_3.12.0-3build1.1_amd64.deb ...
#8 131.2 Unpacking libblas-dev:amd64 (3.12.0-3build1.1) ...
#8 131.3 Selecting previously unselected package liblapack-dev:amd64.
#8 131.3 Preparing to unpack .../078-liblapack-dev_3.12.0-3build1.1_amd64.deb ...
#8 131.3 Unpacking liblapack-dev:amd64 (3.12.0-3build1.1) ...
#8 131.5 Selecting previously unselected package libarpack2-dev:amd64.
#8 131.5 Preparing to unpack .../079-libarpack2-dev_3.9.1-1.1build2_amd64.deb ...
#8 131.5 Unpacking libarpack2-dev:amd64 (3.9.1-1.1build2) ...
#8 131.6 Selecting previously unselected package libhdf5-fortran-102t64:amd64.
#8 131.6 Preparing to unpack .../080-libhdf5-fortran-102t64_1.10.10+repack-3.1ubuntu4_amd64.deb ...
#8 131.6 Unpacking libhdf5-fortran-102t64:amd64 (1.10.10+repack-3.1ubuntu4) ...
#8 131.7 Selecting previously unselected package libhdf5-hl-fortran-100t64:amd64.
#8 131.7 Preparing to unpack .../081-libhdf5-hl-fortran-100t64_1.10.10+repack-3.1ubuntu4_amd64.deb ...
#8 131.7 Unpacking libhdf5-hl-fortran-100t64:amd64 (1.10.10+repack-3.1ubuntu4) ...
#8 131.7 Selecting previously unselected package libhdf5-cpp-103-1t64:amd64.
#8 131.7 Preparing to unpack .../082-libhdf5-cpp-103-1t64_1.10.10+repack-3.1ubuntu4_amd64.deb ...
#8 131.8 Unpacking libhdf5-cpp-103-1t64:amd64 (1.10.10+repack-3.1ubuntu4) ...
#8 131.8 Selecting previously unselected package libhdf5-hl-cpp-100t64:amd64.
#8 131.8 Preparing to unpack .../083-libhdf5-hl-cpp-100t64_1.10.10+repack-3.1ubuntu4_amd64.deb ...
#8 131.9 Unpacking libhdf5-hl-cpp-100t64:amd64 (1.10.10+repack-3.1ubuntu4) ...
#8 131.9 Selecting previously unselected package libaec-dev:amd64.
#8 131.9 Preparing to unpack .../084-libaec-dev_1.1.2-1build1_amd64.deb ...
#8 131.9 Unpacking libaec-dev:amd64 (1.1.2-1build1) ...
#8 132.0 Selecting previously unselected package libhdf5-dev.
#8 132.0 Preparing to unpack .../085-libhdf5-dev_1.10.10+repack-3.1ubuntu4_amd64.deb ...
#8 132.0 Unpacking libhdf5-dev (1.10.10+repack-3.1ubuntu4) ...
#8 132.1 Selecting previously unselected package libsuperlu-dev:amd64.
#8 132.2 Preparing to unpack .../086-libsuperlu-dev_6.0.1+dfsg1-1build1_amd64.deb ...
#8 132.2 Unpacking libsuperlu-dev:amd64 (6.0.1+dfsg1-1build1) ...
#8 132.2 Selecting previously unselected package libarmadillo-dev.
#8 132.2 Preparing to unpack .../087-libarmadillo-dev_1%3a12.6.7+dfsg-1build2_amd64.deb ...
#8 132.3 Unpacking libarmadillo-dev (1:12.6.7+dfsg-1build2) ...
#8 132.4 Selecting previously unselected package libasound2-dev:amd64.
#8 132.4 Preparing to unpack .../088-libasound2-dev_1.2.11-1ubuntu0.2_amd64.deb ...
#8 132.4 Unpacking libasound2-dev:amd64 (1.2.11-1ubuntu0.2) ...
#8 132.5 Selecting previously unselected package libunibreak5:amd64.
#8 132.5 Preparing to unpack .../089-libunibreak5_5.1-2build1_amd64.deb ...
#8 132.5 Unpacking libunibreak5:amd64 (5.1-2build1) ...
#8 132.6 Selecting previously unselected package libass9:amd64.
#8 132.6 Preparing to unpack .../090-libass9_1%3a0.17.1-2build1_amd64.deb ...
#8 132.6 Unpacking libass9:amd64 (1:0.17.1-2build1) ...
#8 132.7 Selecting previously unselected package libasyncns0:amd64.
#8 132.7 Preparing to unpack .../091-libasyncns0_0.8-6build4_amd64.deb ...
#8 132.7 Unpacking libasyncns0:amd64 (0.8-6build4) ...
#8 132.8 Selecting previously unselected package libavc1394-0:amd64.
#8 132.8 Preparing to unpack .../092-libavc1394-0_0.5.4-5build3_amd64.deb ...
#8 132.8 Unpacking libavc1394-0:amd64 (0.5.4-5build3) ...
#8 132.9 Selecting previously unselected package libbs2b0:amd64.
#8 132.9 Preparing to unpack .../093-libbs2b0_3.1.0+dfsg-7build1_amd64.deb ...
#8 132.9 Unpacking libbs2b0:amd64 (3.1.0+dfsg-7build1) ...
#8 132.9 Selecting previously unselected package libflite1:amd64.
#8 132.9 Preparing to unpack .../094-libflite1_2.2-6build3_amd64.deb ...
#8 132.9 Unpacking libflite1:amd64 (2.2-6build3) ...
#8 133.2 Selecting previously unselected package libserd-0-0:amd64.
#8 133.2 Preparing to unpack .../095-libserd-0-0_0.32.2-1_amd64.deb ...
#8 133.2 Unpacking libserd-0-0:amd64 (0.32.2-1) ...
#8 133.2 Selecting previously unselected package libzix-0-0:amd64.
#8 133.2 Preparing to unpack .../096-libzix-0-0_0.4.2-2build1_amd64.deb ...
#8 133.2 Unpacking libzix-0-0:amd64 (0.4.2-2build1) ...
#8 133.3 Selecting previously unselected package libsord-0-0:amd64.
#8 133.3 Preparing to unpack .../097-libsord-0-0_0.16.16-2build1_amd64.deb ...
#8 133.3 Unpacking libsord-0-0:amd64 (0.16.16-2build1) ...
#8 133.4 Selecting previously unselected package libsratom-0-0:amd64.
#8 133.4 Preparing to unpack .../098-libsratom-0-0_0.6.16-1build1_amd64.deb ...
#8 133.4 Unpacking libsratom-0-0:amd64 (0.6.16-1build1) ...
#8 133.5 Selecting previously unselected package liblilv-0-0:amd64.
#8 133.5 Preparing to unpack .../099-liblilv-0-0_0.24.22-1build1_amd64.deb ...
#8 133.5 Unpacking liblilv-0-0:amd64 (0.24.22-1build1) ...
#8 133.5 Selecting previously unselected package libmysofa1:amd64.
#8 133.5 Preparing to unpack .../100-libmysofa1_1.3.2+dfsg-2ubuntu2_amd64.deb ...
#8 133.6 Unpacking libmysofa1:amd64 (1.3.2+dfsg-2ubuntu2) ...
#8 133.7 Selecting previously unselected package libplacebo338:amd64.
#8 133.7 Preparing to unpack .../101-libplacebo338_6.338.2-2build1_amd64.deb ...
#8 133.7 Unpacking libplacebo338:amd64 (6.338.2-2build1) ...
#8 133.8 Selecting previously unselected package libflac12t64:amd64.
#8 133.8 Preparing to unpack .../102-libflac12t64_1.4.3+ds-2.1ubuntu2_amd64.deb ...
#8 133.8 Unpacking libflac12t64:amd64 (1.4.3+ds-2.1ubuntu2) ...
#8 133.9 Selecting previously unselected package libsndfile1:amd64.
#8 133.9 Preparing to unpack .../103-libsndfile1_1.2.2-1ubuntu5.24.04.1_amd64.deb ...
#8 133.9 Unpacking libsndfile1:amd64 (1.2.2-1ubuntu5.24.04.1) ...
#8 134.0 Selecting previously unselected package libpulse0:amd64.
#8 134.0 Preparing to unpack .../104-libpulse0_1%3a16.1+dfsg1-2ubuntu10.1_amd64.deb ...
#8 134.1 Unpacking libpulse0:amd64 (1:16.1+dfsg1-2ubuntu10.1) ...
#8 134.1 Selecting previously unselected package libsphinxbase3t64:amd64.
#8 134.1 Preparing to unpack .../105-libsphinxbase3t64_0.8+5prealpha+1-17build2_amd64.deb ...
#8 134.2 Unpacking libsphinxbase3t64:amd64 (0.8+5prealpha+1-17build2) ...
#8 134.2 Selecting previously unselected package libpocketsphinx3:amd64.
#8 134.2 Preparing to unpack .../106-libpocketsphinx3_0.8.0+real5prealpha+1-15ubuntu5_amd64.deb ...
#8 134.2 Unpacking libpocketsphinx3:amd64 (0.8.0+real5prealpha+1-15ubuntu5) ...
#8 134.3 Selecting previously unselected package libpostproc57:amd64.
#8 134.3 Preparing to unpack .../107-libpostproc57_7%3a6.1.1-3ubuntu5_amd64.deb ...
#8 134.3 Unpacking libpostproc57:amd64 (7:6.1.1-3ubuntu5) ...
#8 134.4 Selecting previously unselected package libfftw3-double3:amd64.
#8 134.4 Preparing to unpack .../108-libfftw3-double3_3.3.10-1ubuntu3_amd64.deb ...
#8 134.4 Unpacking libfftw3-double3:amd64 (3.3.10-1ubuntu3) ...
#8 134.5 Selecting previously unselected package libsamplerate0:amd64.
#8 134.5 Preparing to unpack .../109-libsamplerate0_0.2.2-4build1_amd64.deb ...
#8 134.5 Unpacking libsamplerate0:amd64 (0.2.2-4build1) ...
#8 134.6 Selecting previously unselected package librubberband2:amd64.
#8 134.6 Preparing to unpack .../110-librubberband2_3.3.0+dfsg-2build1_amd64.deb ...
#8 134.6 Unpacking librubberband2:amd64 (3.3.0+dfsg-2build1) ...
#8 134.6 Selecting previously unselected package libvidstab1.1:amd64.
#8 134.7 Preparing to unpack .../111-libvidstab1.1_1.1.0-2build1_amd64.deb ...
#8 134.7 Unpacking libvidstab1.1:amd64 (1.1.0-2build1) ...
#8 134.7 Selecting previously unselected package libzimg2:amd64.
#8 134.7 Preparing to unpack .../112-libzimg2_3.0.5+ds1-1build1_amd64.deb ...
#8 134.8 Unpacking libzimg2:amd64 (3.0.5+ds1-1build1) ...
#8 134.8 Selecting previously unselected package libavfilter9:amd64.
#8 134.8 Preparing to unpack .../113-libavfilter9_7%3a6.1.1-3ubuntu5_amd64.deb ...
#8 134.8 Unpacking libavfilter9:amd64 (7:6.1.1-3ubuntu5) ...
#8 135.0 Selecting previously unselected package libcaca0:amd64.
#8 135.0 Preparing to unpack .../114-libcaca0_0.99.beta20-4ubuntu0.2_amd64.deb ...
#8 135.0 Unpacking libcaca0:amd64 (0.99.beta20-4ubuntu0.2) ...
#8 135.1 Selecting previously unselected package libcdio19t64:amd64.
#8 135.1 Preparing to unpack .../115-libcdio19t64_2.1.0-4.1ubuntu1.2_amd64.deb ...
#8 135.1 Unpacking libcdio19t64:amd64 (2.1.0-4.1ubuntu1.2) ...
#8 135.2 Selecting previously unselected package libcdio-cdda2t64:amd64.
#8 135.2 Preparing to unpack .../116-libcdio-cdda2t64_10.2+2.0.1-1.1build2_amd64.deb ...
#8 135.2 Unpacking libcdio-cdda2t64:amd64 (10.2+2.0.1-1.1build2) ...
#8 135.2 Selecting previously unselected package libcdio-paranoia2t64:amd64.
#8 135.2 Preparing to unpack .../117-libcdio-paranoia2t64_10.2+2.0.1-1.1build2_amd64.deb ...
#8 135.2 Unpacking libcdio-paranoia2t64:amd64 (10.2+2.0.1-1.1build2) ...
#8 135.3 Selecting previously unselected package libiec61883-0:amd64.
#8 135.3 Preparing to unpack .../118-libiec61883-0_1.2.0-6build1_amd64.deb ...
#8 135.3 Unpacking libiec61883-0:amd64 (1.2.0-6build1) ...
#8 135.4 Selecting previously unselected package libjack-jackd2-0:amd64.
#8 135.4 Preparing to unpack .../119-libjack-jackd2-0_1.9.21~dfsg-3ubuntu3_amd64.deb ...
#8 135.4 Unpacking libjack-jackd2-0:amd64 (1.9.21~dfsg-3ubuntu3) ...
#8 135.5 Selecting previously unselected package libopenal-data.
#8 135.5 Preparing to unpack .../120-libopenal-data_1%3a1.23.1-4build1_all.deb ...
#8 135.5 Unpacking libopenal-data (1:1.23.1-4build1) ...
#8 135.6 Selecting previously unselected package libsndio7.0:amd64.
#8 135.6 Preparing to unpack .../121-libsndio7.0_1.9.0-0.3build3_amd64.deb ...
#8 135.6 Unpacking libsndio7.0:amd64 (1.9.0-0.3build3) ...
#8 135.6 Selecting previously unselected package libopenal1:amd64.
#8 135.6 Preparing to unpack .../122-libopenal1_1%3a1.23.1-4build1_amd64.deb ...
#8 135.6 Unpacking libopenal1:amd64 (1:1.23.1-4build1) ...
#8 135.7 Selecting previously unselected package libdecor-0-0:amd64.
#8 135.7 Preparing to unpack .../123-libdecor-0-0_0.2.2-1build2_amd64.deb ...
#8 135.7 Unpacking libdecor-0-0:amd64 (0.2.2-1build2) ...
#8 135.8 Preparing to unpack .../124-mesa-va-drivers_25.2.8-0ubuntu0.24.04.2_amd64.deb ...
#8 135.8 Unpacking mesa-va-drivers:amd64 (25.2.8-0ubuntu0.24.04.2) over (25.2.8-0ubuntu0.24.04.1) ...
#8 135.9 Preparing to unpack .../125-libgl1-mesa-dri_25.2.8-0ubuntu0.24.04.2_amd64.deb ...
#8 136.0 Unpacking libgl1-mesa-dri:amd64 (25.2.8-0ubuntu0.24.04.2) over (25.2.8-0ubuntu0.24.04.1) ...
#8 136.1 Preparing to unpack .../126-libglx-mesa0_25.2.8-0ubuntu0.24.04.2_amd64.deb ...
#8 136.1 Unpacking libglx-mesa0:amd64 (25.2.8-0ubuntu0.24.04.2) over (25.2.8-0ubuntu0.24.04.1) ...
#8 136.2 Preparing to unpack .../127-libdrm-amdgpu1_2.4.125-1ubuntu0.1~24.04.2_amd64.deb ...
#8 136.3 Unpacking libdrm-amdgpu1:amd64 (2.4.125-1ubuntu0.1~24.04.2) over (2.4.125-1ubuntu0.1~24.04.1) ...
#8 136.4 Preparing to unpack .../128-libdrm-intel1_2.4.125-1ubuntu0.1~24.04.2_amd64.deb ...
#8 136.4 Unpacking libdrm-intel1:amd64 (2.4.125-1ubuntu0.1~24.04.2) over (2.4.125-1ubuntu0.1~24.04.1) ...
#8 136.5 Preparing to unpack .../129-libegl-mesa0_25.2.8-0ubuntu0.24.04.2_amd64.deb ...
#8 136.5 Unpacking libegl-mesa0:amd64 (25.2.8-0ubuntu0.24.04.2) over (25.2.8-0ubuntu0.24.04.1) ...
#8 136.6 Preparing to unpack .../130-libgbm1_25.2.8-0ubuntu0.24.04.2_amd64.deb ...
#8 136.6 Unpacking libgbm1:amd64 (25.2.8-0ubuntu0.24.04.2) over (25.2.8-0ubuntu0.24.04.1) ...
#8 136.8 Preparing to unpack .../131-mesa-libgallium_25.2.8-0ubuntu0.24.04.2_amd64.deb ...
#8 136.8 Unpacking mesa-libgallium:amd64 (25.2.8-0ubuntu0.24.04.2) over (25.2.8-0ubuntu0.24.04.1) ...
#8 137.1 Selecting previously unselected package libsdl2-2.0-0:amd64.
#8 137.1 Preparing to unpack .../132-libsdl2-2.0-0_2.30.0+dfsg-1ubuntu3.1_amd64.deb ...
#8 137.1 Unpacking libsdl2-2.0-0:amd64 (2.30.0+dfsg-1ubuntu3.1) ...
#8 137.2 Selecting previously unselected package libxv1:amd64.
#8 137.2 Preparing to unpack .../133-libxv1_2%3a1.0.11-1.1build1_amd64.deb ...
#8 137.3 Unpacking libxv1:amd64 (2:1.0.11-1.1build1) ...
#8 137.3 Selecting previously unselected package libavdevice60:amd64.
#8 137.3 Preparing to unpack .../134-libavdevice60_7%3a6.1.1-3ubuntu5_amd64.deb ...
#8 137.3 Unpacking libavdevice60:amd64 (7:6.1.1-3ubuntu5) ...
#8 137.4 Selecting previously unselected package libpostproc-dev:amd64.
#8 137.4 Preparing to unpack .../135-libpostproc-dev_7%3a6.1.1-3ubuntu5_amd64.deb ...
#8 137.4 Unpacking libpostproc-dev:amd64 (7:6.1.1-3ubuntu5) ...
#8 137.5 Selecting previously unselected package libavfilter-dev:amd64.
#8 137.5 Preparing to unpack .../136-libavfilter-dev_7%3a6.1.1-3ubuntu5_amd64.deb ...
#8 137.5 Unpacking libavfilter-dev:amd64 (7:6.1.1-3ubuntu5) ...
#8 137.6 Selecting previously unselected package libavdevice-dev:amd64.
#8 137.6 Preparing to unpack .../137-libavdevice-dev_7%3a6.1.1-3ubuntu5_amd64.deb ...
#8 137.6 Unpacking libavdevice-dev:amd64 (7:6.1.1-3ubuntu5) ...
#8 137.7 Selecting previously unselected package libbenchmark1.8.3:amd64.
#8 137.7 Preparing to unpack .../138-libbenchmark1.8.3_1.8.3-3_amd64.deb ...
#8 137.7 Unpacking libbenchmark1.8.3:amd64 (1.8.3-3) ...
#8 137.7 Selecting previously unselected package libbenchmark-dev:amd64.
#8 137.8 Preparing to unpack .../139-libbenchmark-dev_1.8.3-3_amd64.deb ...
#8 137.8 Unpacking libbenchmark-dev:amd64 (1.8.3-3) ...
#8 137.8 Selecting previously unselected package libblosc-dev:amd64.
#8 137.8 Preparing to unpack .../140-libblosc-dev_1.21.5+ds-1build1_amd64.deb ...
#8 137.8 Unpacking libblosc-dev:amd64 (1.21.5+ds-1build1) ...
#8 137.9 Selecting previously unselected package libbtf2:amd64.
#8 137.9 Preparing to unpack .../141-libbtf2_1%3a7.6.1+dfsg-1build1_amd64.deb ...
#8 137.9 Unpacking libbtf2:amd64 (1:7.6.1+dfsg-1build1) ...
#8 138.0 Selecting previously unselected package liblzo2-2:amd64.
#8 138.0 Preparing to unpack .../142-liblzo2-2_2.10-2build4_amd64.deb ...
#8 138.0 Unpacking liblzo2-2:amd64 (2.10-2build4) ...
#8 138.1 Selecting previously unselected package libcairo-script-interpreter2:amd64.
#8 138.1 Preparing to unpack .../143-libcairo-script-interpreter2_1.18.0-3build1_amd64.deb ...
#8 138.1 Unpacking libcairo-script-interpreter2:amd64 (1.18.0-3build1) ...
#8 138.1 Selecting previously unselected package libfontconfig-dev:amd64.
#8 138.2 Preparing to unpack .../144-libfontconfig-dev_2.15.0-1.1ubuntu2_amd64.deb ...
#8 138.2 Unpacking libfontconfig-dev:amd64 (2.15.0-1.1ubuntu2) ...
#8 138.2 Selecting previously unselected package libffi-dev:amd64.
#8 138.2 Preparing to unpack .../145-libffi-dev_3.4.6-1build1_amd64.deb ...
#8 138.2 Unpacking libffi-dev:amd64 (3.4.6-1build1) ...
#8 138.3 Selecting previously unselected package libglib2.0-bin.
#8 138.3 Preparing to unpack .../146-libglib2.0-bin_2.80.0-6ubuntu3.8_amd64.deb ...
#8 138.3 Unpacking libglib2.0-bin (2.80.0-6ubuntu3.8) ...
#8 138.4 Selecting previously unselected package libglib2.0-dev-bin.
#8 138.4 Preparing to unpack .../147-libglib2.0-dev-bin_2.80.0-6ubuntu3.8_amd64.deb ...
#8 138.4 Unpacking libglib2.0-dev-bin (2.80.0-6ubuntu3.8) ...
#8 138.5 Selecting previously unselected package libblkid-dev:amd64.
#8 138.5 Preparing to unpack .../148-libblkid-dev_2.39.3-9ubuntu6.5_amd64.deb ...
#8 138.5 Unpacking libblkid-dev:amd64 (2.39.3-9ubuntu6.5) ...
#8 138.6 Selecting previously unselected package libsepol-dev:amd64.
#8 138.6 Preparing to unpack .../149-libsepol-dev_3.5-2build1_amd64.deb ...
#8 138.6 Unpacking libsepol-dev:amd64 (3.5-2build1) ...
#8 138.7 Selecting previously unselected package libpcre2-32-0:amd64.
#8 138.7 Preparing to unpack .../150-libpcre2-32-0_10.42-4ubuntu2.1_amd64.deb ...
#8 138.7 Unpacking libpcre2-32-0:amd64 (10.42-4ubuntu2.1) ...
#8 138.7 Selecting previously unselected package libpcre2-dev:amd64.
#8 138.8 Preparing to unpack .../151-libpcre2-dev_10.42-4ubuntu2.1_amd64.deb ...
#8 138.8 Unpacking libpcre2-dev:amd64 (10.42-4ubuntu2.1) ...
#8 138.8 Selecting previously unselected package libselinux1-dev:amd64.
#8 138.8 Preparing to unpack .../152-libselinux1-dev_3.5-2ubuntu2.1_amd64.deb ...
#8 138.8 Unpacking libselinux1-dev:amd64 (3.5-2ubuntu2.1) ...
#8 138.9 Selecting previously unselected package libmount-dev:amd64.
#8 138.9 Preparing to unpack .../153-libmount-dev_2.39.3-9ubuntu6.5_amd64.deb ...
#8 139.0 Unpacking libmount-dev:amd64 (2.39.3-9ubuntu6.5) ...
#8 139.0 Selecting previously unselected package libgirepository-2.0-0:amd64.
#8 139.1 Preparing to unpack .../154-libgirepository-2.0-0_2.80.0-6ubuntu3.8_amd64.deb ...
#8 139.1 Unpacking libgirepository-2.0-0:amd64 (2.80.0-6ubuntu3.8) ...
#8 139.1 Selecting previously unselected package libglib2.0-dev:amd64.
#8 139.1 Preparing to unpack .../155-libglib2.0-dev_2.80.0-6ubuntu3.8_amd64.deb ...
#8 139.1 Unpacking libglib2.0-dev:amd64 (2.80.0-6ubuntu3.8) ...
#8 139.3 Selecting previously unselected package libpixman-1-dev:amd64.
#8 139.3 Preparing to unpack .../156-libpixman-1-dev_0.42.2-1build1_amd64.deb ...
#8 139.3 Unpacking libpixman-1-dev:amd64 (0.42.2-1build1) ...
#8 139.4 Selecting previously unselected package libxcb-render0-dev:amd64.
#8 139.4 Preparing to unpack .../157-libxcb-render0-dev_1.15-1ubuntu2_amd64.deb ...
#8 139.4 Unpacking libxcb-render0-dev:amd64 (1.15-1ubuntu2) ...
#8 139.5 Selecting previously unselected package libxcb-shm0-dev:amd64.
#8 139.5 Preparing to unpack .../158-libxcb-shm0-dev_1.15-1ubuntu2_amd64.deb ...
#8 139.5 Unpacking libxcb-shm0-dev:amd64 (1.15-1ubuntu2) ...
#8 139.5 Selecting previously unselected package libcairo2-dev:amd64.
#8 139.5 Preparing to unpack .../159-libcairo2-dev_1.18.0-3build1_amd64.deb ...
#8 139.5 Unpacking libcairo2-dev:amd64 (1.18.0-3build1) ...
#8 139.6 Selecting previously unselected package libcamd3:amd64.
#8 139.6 Preparing to unpack .../160-libcamd3_1%3a7.6.1+dfsg-1build1_amd64.deb ...
#8 139.6 Unpacking libcamd3:amd64 (1:7.6.1+dfsg-1build1) ...
#8 139.7 Selecting previously unselected package libccolamd3:amd64.
#8 139.7 Preparing to unpack .../161-libccolamd3_1%3a7.6.1+dfsg-1build1_amd64.deb ...
#8 139.7 Unpacking libccolamd3:amd64 (1:7.6.1+dfsg-1build1) ...
#8 139.8 Selecting previously unselected package libcolamd3:amd64.
#8 139.8 Preparing to unpack .../162-libcolamd3_1%3a7.6.1+dfsg-1build1_amd64.deb ...
#8 139.8 Unpacking libcolamd3:amd64 (1:7.6.1+dfsg-1build1) ...
#8 139.9 Selecting previously unselected package libcholmod5:amd64.
#8 139.9 Preparing to unpack .../163-libcholmod5_1%3a7.6.1+dfsg-1build1_amd64.deb ...
#8 139.9 Unpacking libcholmod5:amd64 (1:7.6.1+dfsg-1build1) ...
#8 140.0 Selecting previously unselected package libspqr4:amd64.
#8 140.0 Preparing to unpack .../164-libspqr4_1%3a7.6.1+dfsg-1build1_amd64.deb ...
#8 140.0 Unpacking libspqr4:amd64 (1:7.6.1+dfsg-1build1) ...
#8 140.0 Selecting previously unselected package libceres4t64:amd64.
#8 140.0 Preparing to unpack .../165-libceres4t64_2.2.0+dfsg-4.1ubuntu2_amd64.deb ...
#8 140.0 Unpacking libceres4t64:amd64 (2.2.0+dfsg-4.1ubuntu2) ...
#8 140.2 Selecting previously unselected package libcxsparse4:amd64.
#8 140.2 Preparing to unpack .../166-libcxsparse4_1%3a7.6.1+dfsg-1build1_amd64.deb ...
#8 140.2 Unpacking libcxsparse4:amd64 (1:7.6.1+dfsg-1build1) ...
#8 140.3 Selecting previously unselected package libklu2:amd64.
#8 140.3 Preparing to unpack .../167-libklu2_1%3a7.6.1+dfsg-1build1_amd64.deb ...
#8 140.3 Unpacking libklu2:amd64 (1:7.6.1+dfsg-1build1) ...
#8 140.4 Selecting previously unselected package libldl3:amd64.
#8 140.4 Preparing to unpack .../168-libldl3_1%3a7.6.1+dfsg-1build1_amd64.deb ...
#8 140.4 Unpacking libldl3:amd64 (1:7.6.1+dfsg-1build1) ...
#8 140.4 Selecting previously unselected package libsuitesparse-mongoose3:amd64.
#8 140.4 Preparing to unpack .../169-libsuitesparse-mongoose3_1%3a7.6.1+dfsg-1build1_amd64.deb ...
#8 140.4 Unpacking libsuitesparse-mongoose3:amd64 (1:7.6.1+dfsg-1build1) ...
#8 140.5 Selecting previously unselected package libumfpack6:amd64.
#8 140.5 Preparing to unpack .../170-libumfpack6_1%3a7.6.1+dfsg-1build1_amd64.deb ...
#8 140.5 Unpacking libumfpack6:amd64 (1:7.6.1+dfsg-1build1) ...
#8 140.6 Selecting previously unselected package librbio4:amd64.
#8 140.6 Preparing to unpack .../171-librbio4_1%3a7.6.1+dfsg-1build1_amd64.deb ...
#8 140.6 Unpacking librbio4:amd64 (1:7.6.1+dfsg-1build1) ...
#8 140.7 Selecting previously unselected package libspex2:amd64.
#8 140.7 Preparing to unpack .../172-libspex2_1%3a7.6.1+dfsg-1build1_amd64.deb ...
#8 140.7 Unpacking libspex2:amd64 (1:7.6.1+dfsg-1build1) ...
#8 140.8 Selecting previously unselected package libparu0:amd64.
#8 140.8 Preparing to unpack .../173-libparu0_1%3a7.6.1+dfsg-1build1_amd64.deb ...
#8 140.8 Unpacking libparu0:amd64 (1:7.6.1+dfsg-1build1) ...
#8 140.9 Selecting previously unselected package libsuitesparse-dev:amd64.
#8 140.9 Preparing to unpack .../174-libsuitesparse-dev_1%3a7.6.1+dfsg-1build1_amd64.deb ...
#8 140.9 Unpacking libsuitesparse-dev:amd64 (1:7.6.1+dfsg-1build1) ...
#8 141.0 Selecting previously unselected package libceres-dev:amd64.
#8 141.0 Preparing to unpack .../175-libceres-dev_2.2.0+dfsg-4.1ubuntu2_amd64.deb ...
#8 141.0 Unpacking libceres-dev:amd64 (2.2.0+dfsg-4.1ubuntu2) ...
#8 141.1 Selecting previously unselected package libcfitsio-dev:amd64.
#8 141.2 Preparing to unpack .../176-libcfitsio-dev_4.3.1-1.1build2_amd64.deb ...
#8 141.2 Unpacking libcfitsio-dev:amd64 (4.3.1-1.1build2) ...
#8 141.3 Selecting previously unselected package libllvm15t64:amd64.
#8 141.3 Preparing to unpack .../177-libllvm15t64_1%3a15.0.7-14build3_amd64.deb ...
#8 141.3 Unpacking libllvm15t64:amd64 (1:15.0.7-14build3) ...
#8 141.9 Selecting previously unselected package libclang1-15t64.
#8 141.9 Preparing to unpack .../178-libclang1-15t64_1%3a15.0.7-14build3_amd64.deb ...
#8 141.9 Unpacking libclang1-15t64 (1:15.0.7-14build3) ...
#8 142.2 Selecting previously unselected package libcli11-dev.
#8 142.2 Preparing to unpack .../179-libcli11-dev_2.4.1+ds-1_all.deb ...
#8 142.2 Unpacking libcli11-dev (2.4.1+ds-1) ...
#8 142.3 Selecting previously unselected package libdav1d-dev:amd64.
#8 142.3 Preparing to unpack .../180-libdav1d-dev_1.4.1-1build1_amd64.deb ...
#8 142.3 Unpacking libdav1d-dev:amd64 (1.4.1-1build1) ...
#8 142.4 Selecting previously unselected package libdbus-1-dev:amd64.
#8 142.4 Preparing to unpack .../181-libdbus-1-dev_1.14.10-4ubuntu4.1_amd64.deb ...
#8 142.4 Unpacking libdbus-1-dev:amd64 (1.14.10-4ubuntu4.1) ...
#8 142.5 Selecting previously unselected package libde265-dev:amd64.
#8 142.5 Preparing to unpack .../182-libde265-dev_1.0.15-1build3_amd64.deb ...
#8 142.5 Unpacking libde265-dev:amd64 (1.0.15-1build3) ...
#8 142.6 Selecting previously unselected package libwayland-bin.
#8 142.6 Preparing to unpack .../183-libwayland-bin_1.22.0-2.1build1_amd64.deb ...
#8 142.6 Unpacking libwayland-bin (1.22.0-2.1build1) ...
#8 142.7 Selecting previously unselected package libwayland-dev:amd64.
#8 142.7 Preparing to unpack .../184-libwayland-dev_1.22.0-2.1build1_amd64.deb ...
#8 142.7 Unpacking libwayland-dev:amd64 (1.22.0-2.1build1) ...
#8 142.7 Selecting previously unselected package libdecor-0-dev:amd64.
#8 142.7 Preparing to unpack .../185-libdecor-0-dev_0.2.2-1build2_amd64.deb ...
#8 142.7 Unpacking libdecor-0-dev:amd64 (0.2.2-1build2) ...
#8 142.8 Selecting previously unselected package libdrm-radeon1:amd64.
#8 142.8 Preparing to unpack .../186-libdrm-radeon1_2.4.125-1ubuntu0.1~24.04.2_amd64.deb ...
#8 142.8 Unpacking libdrm-radeon1:amd64 (2.4.125-1ubuntu0.1~24.04.2) ...
#8 142.9 Selecting previously unselected package libdrm-nouveau2:amd64.
#8 142.9 Preparing to unpack .../187-libdrm-nouveau2_2.4.125-1ubuntu0.1~24.04.2_amd64.deb ...
#8 142.9 Unpacking libdrm-nouveau2:amd64 (2.4.125-1ubuntu0.1~24.04.2) ...
#8 143.0 Selecting previously unselected package libpciaccess-dev:amd64.
#8 143.0 Preparing to unpack .../188-libpciaccess-dev_0.17-3ubuntu0.24.04.2_amd64.deb ...
#8 143.0 Unpacking libpciaccess-dev:amd64 (0.17-3ubuntu0.24.04.2) ...
#8 143.0 Selecting previously unselected package libdrm-dev:amd64.
#8 143.1 Preparing to unpack .../189-libdrm-dev_2.4.125-1ubuntu0.1~24.04.2_amd64.deb ...
#8 143.1 Unpacking libdrm-dev:amd64 (2.4.125-1ubuntu0.1~24.04.2) ...
#8 143.1 Selecting previously unselected package libccd2:amd64.
#8 143.1 Preparing to unpack .../190-libccd2_2.1-2_amd64.deb ...
#8 143.2 Unpacking libccd2:amd64 (2.1-2) ...
#8 143.2 Selecting previously unselected package liboctomap1.9t64:amd64.
#8 143.2 Preparing to unpack .../191-liboctomap1.9t64_1.9.7+dfsg-3.1build3_amd64.deb ...
#8 143.2 Unpacking liboctomap1.9t64:amd64 (1.9.7+dfsg-3.1build3) ...
#8 143.3 Selecting previously unselected package libfcl0.7:amd64.
#8 143.3 Preparing to unpack .../192-libfcl0.7_0.7.0-3build2_amd64.deb ...
#8 143.3 Unpacking libfcl0.7:amd64 (0.7.0-3build2) ...
#8 143.4 Selecting previously unselected package libflann1.9:amd64.
#8 143.4 Preparing to unpack .../193-libflann1.9_1.9.2+dfsg-2build1_amd64.deb ...
#8 143.4 Unpacking libflann1.9:amd64 (1.9.2+dfsg-2build1) ...
#8 143.6 Selecting previously unselected package libhdf5-openmpi-103-1t64:amd64.
#8 143.6 Preparing to unpack .../194-libhdf5-openmpi-103-1t64_1.10.10+repack-3.1ubuntu4_amd64.deb ...
#8 143.6 Unpacking libhdf5-openmpi-103-1t64:amd64 (1.10.10+repack-3.1ubuntu4) ...
#8 143.7 Selecting previously unselected package libhdf5-openmpi-fortran-102t64:amd64.
#8 143.7 Preparing to unpack .../195-libhdf5-openmpi-fortran-102t64_1.10.10+repack-3.1ubuntu4_amd64.deb ...
#8 143.7 Unpacking libhdf5-openmpi-fortran-102t64:amd64 (1.10.10+repack-3.1ubuntu4) ...
#8 143.8 Selecting previously unselected package libhdf5-openmpi-hl-100t64:amd64.
#8 143.8 Preparing to unpack .../196-libhdf5-openmpi-hl-100t64_1.10.10+repack-3.1ubuntu4_amd64.deb ...
#8 143.8 Unpacking libhdf5-openmpi-hl-100t64:amd64 (1.10.10+repack-3.1ubuntu4) ...
#8 143.9 Selecting previously unselected package libhdf5-openmpi-hl-fortran-100t64:amd64.
#8 143.9 Preparing to unpack .../197-libhdf5-openmpi-hl-fortran-100t64_1.10.10+repack-3.1ubuntu4_amd64.deb ...
#8 143.9 Unpacking libhdf5-openmpi-hl-fortran-100t64:amd64 (1.10.10+repack-3.1ubuntu4) ...
#8 143.9 Selecting previously unselected package libhdf5-openmpi-cpp-103-1t64:amd64.
#8 144.0 Preparing to unpack .../198-libhdf5-openmpi-cpp-103-1t64_1.10.10+repack-3.1ubuntu4_amd64.deb ...
#8 144.0 Unpacking libhdf5-openmpi-cpp-103-1t64:amd64 (1.10.10+repack-3.1ubuntu4) ...
#8 144.1 Selecting previously unselected package libhdf5-openmpi-hl-cpp-100t64:amd64.
#8 144.1 Preparing to unpack .../199-libhdf5-openmpi-hl-cpp-100t64_1.10.10+repack-3.1ubuntu4_amd64.deb ...
#8 144.1 Unpacking libhdf5-openmpi-hl-cpp-100t64:amd64 (1.10.10+repack-3.1ubuntu4) ...
#8 144.1 Selecting previously unselected package libhdf5-openmpi-dev.
#8 144.2 Preparing to unpack .../200-libhdf5-openmpi-dev_1.10.10+repack-3.1ubuntu4_amd64.deb ...
#8 144.2 Unpacking libhdf5-openmpi-dev (1.10.10+repack-3.1ubuntu4) ...
#8 144.3 Selecting previously unselected package libhdf5-mpi-dev.
#8 144.3 Preparing to unpack .../201-libhdf5-mpi-dev_1.10.10+repack-3.1ubuntu4_amd64.deb ...
#8 144.3 Unpacking libhdf5-mpi-dev (1.10.10+repack-3.1ubuntu4) ...
#8 144.4 Selecting previously unselected package libflann-dev:amd64.
#8 144.4 Preparing to unpack .../202-libflann-dev_1.9.2+dfsg-2build1_amd64.deb ...
#8 144.4 Unpacking libflann-dev:amd64 (1.9.2+dfsg-2build1) ...
#8 144.5 Selecting previously unselected package libfyba-dev:amd64.
#8 144.5 Preparing to unpack .../203-libfyba-dev_4.1.1-11build1_amd64.deb ...
#8 144.5 Unpacking libfyba-dev:amd64 (4.1.1-11build1) ...
#8 144.6 Selecting previously unselected package libgbm-dev:amd64.
#8 144.6 Preparing to unpack .../204-libgbm-dev_25.2.8-0ubuntu0.24.04.2_amd64.deb ...
#8 144.6 Unpacking libgbm-dev:amd64 (25.2.8-0ubuntu0.24.04.2) ...
#8 144.7 Selecting previously unselected package libgeographiclib26:amd64.
#8 144.7 Preparing to unpack .../205-libgeographiclib26_2.3-1build1_amd64.deb ...
#8 144.7 Unpacking libgeographiclib26:amd64 (2.3-1build1) ...
#8 144.7 Selecting previously unselected package libgeographiclib-dev.
#8 144.8 Preparing to unpack .../206-libgeographiclib-dev_2.3-1build1_amd64.deb ...
#8 144.8 Unpacking libgeographiclib-dev (2.3-1build1) ...
#8 144.8 Selecting previously unselected package libgeos-dev.
#8 144.8 Preparing to unpack .../207-libgeos-dev_3.12.1-3build1_amd64.deb ...
#8 144.8 Unpacking libgeos-dev (3.12.1-3build1) ...
#8 144.9 Selecting previously unselected package libgif-dev:amd64.
#8 144.9 Preparing to unpack .../208-libgif-dev_5.2.2-1ubuntu1_amd64.deb ...
#8 144.9 Unpacking libgif-dev:amd64 (5.2.2-1ubuntu1) ...
#8 145.0 Selecting previously unselected package libgl2ps-dev.
#8 145.0 Preparing to unpack .../209-libgl2ps-dev_1.4.2+dfsg1-2build1_amd64.deb ...
#8 145.0 Unpacking libgl2ps-dev (1.4.2+dfsg1-2build1) ...
#8 145.1 Preparing to unpack .../210-libheif-plugin-aomdec_1.17.6-1ubuntu4.3_amd64.deb ...
#8 145.1 Unpacking libheif-plugin-aomdec:amd64 (1.17.6-1ubuntu4.3) over (1.17.6-1ubuntu4.2) ...
#8 145.2 Preparing to unpack .../211-libheif1_1.17.6-1ubuntu4.3_amd64.deb ...
#8 145.2 Unpacking libheif1:amd64 (1.17.6-1ubuntu4.3) over (1.17.6-1ubuntu4.2) ...
#8 145.3 Preparing to unpack .../212-libheif-plugin-libde265_1.17.6-1ubuntu4.3_amd64.deb ...
#8 145.3 Unpacking libheif-plugin-libde265:amd64 (1.17.6-1ubuntu4.3) over (1.17.6-1ubuntu4.2) ...
#8 145.4 Selecting previously unselected package libwmflite-0.2-7:amd64.
#8 145.4 Preparing to unpack .../213-libwmflite-0.2-7_0.2.13-1.1build3_amd64.deb ...
#8 145.4 Unpacking libwmflite-0.2-7:amd64 (0.2.13-1.1build3) ...
#8 145.5 Selecting previously unselected package libgraphicsmagick-q16-3t64.
#8 145.5 Preparing to unpack .../214-libgraphicsmagick-q16-3t64_1.4+really1.3.42-1.1build3_amd64.deb ...
#8 145.5 Unpacking libgraphicsmagick-q16-3t64 (1.4+really1.3.42-1.1build3) ...
#8 145.6 Selecting previously unselected package libgraphics-magick-perl.
#8 145.6 Preparing to unpack .../215-libgraphics-magick-perl_1.4+really1.3.42-1.1build3_amd64.deb ...
#8 145.6 Unpacking libgraphics-magick-perl (1.4+really1.3.42-1.1build3) ...
#8 145.7 Selecting previously unselected package libgraphicsmagick++-q16-12t64.
#8 145.7 Preparing to unpack .../216-libgraphicsmagick++-q16-12t64_1.4+really1.3.42-1.1build3_amd64.deb ...
#8 145.7 Unpacking libgraphicsmagick++-q16-12t64 (1.4+really1.3.42-1.1build3) ...
#8 145.8 Selecting previously unselected package liblcms2-dev:amd64.
#8 145.8 Preparing to unpack .../217-liblcms2-dev_2.14-2ubuntu0.1_amd64.deb ...
#8 145.8 Unpacking liblcms2-dev:amd64 (2.14-2ubuntu0.1) ...
#8 145.9 Selecting previously unselected package libwmf-0.2-7:amd64.
#8 145.9 Preparing to unpack .../218-libwmf-0.2-7_0.2.13-1.1build3_amd64.deb ...
#8 145.9 Unpacking libwmf-0.2-7:amd64 (0.2.13-1.1build3) ...
#8 145.9 Selecting previously unselected package libwmf-dev.
#8 145.9 Preparing to unpack .../219-libwmf-dev_0.2.13-1.1build3_amd64.deb ...
#8 145.9 Unpacking libwmf-dev (0.2.13-1.1build3) ...
#8 146.0 Selecting previously unselected package libx265-dev:amd64.
#8 146.0 Preparing to unpack .../220-libx265-dev_3.5-2build1_amd64.deb ...
#8 146.0 Unpacking libx265-dev:amd64 (3.5-2build1) ...
#8 146.2 Selecting previously unselected package libheif-dev:amd64.
#8 146.2 Preparing to unpack .../221-libheif-dev_1.17.6-1ubuntu4.3_amd64.deb ...
#8 146.2 Unpacking libheif-dev:amd64 (1.17.6-1ubuntu4.3) ...
#8 146.3 Selecting previously unselected package libhwy-dev:amd64.
#8 146.3 Preparing to unpack .../222-libhwy-dev_1.0.7-8.1build1_amd64.deb ...
#8 146.3 Unpacking libhwy-dev:amd64 (1.0.7-8.1build1) ...
#8 146.4 Selecting previously unselected package libjxl-dev:amd64.
#8 146.4 Preparing to unpack .../223-libjxl-dev_0.7.0-10.2ubuntu6.1_amd64.deb ...
#8 146.4 Unpacking libjxl-dev:amd64 (0.7.0-10.2ubuntu6.1) ...
#8 146.5 Selecting previously unselected package libgraphicsmagick1-dev.
#8 146.5 Preparing to unpack .../224-libgraphicsmagick1-dev_1.4+really1.3.42-1.1build3_amd64.deb ...
#8 146.5 Unpacking libgraphicsmagick1-dev (1.4+really1.3.42-1.1build3) ...
#8 146.6 Selecting previously unselected package libgraphicsmagick++1-dev.
#8 146.6 Preparing to unpack .../225-libgraphicsmagick++1-dev_1.4+really1.3.42-1.1build3_amd64.deb ...
#8 146.6 Unpacking libgraphicsmagick++1-dev (1.4+really1.3.42-1.1build3) ...
#8 146.7 Selecting previously unselected package libgts-dev:amd64.
#8 146.7 Preparing to unpack .../226-libgts-dev_0.7.6+darcs121130-5.2build1_amd64.deb ...
#8 146.7 Unpacking libgts-dev:amd64 (0.7.6+darcs121130-5.2build1) ...
#8 146.8 Selecting previously unselected package libibus-1.0-dev:amd64.
#8 146.8 Preparing to unpack .../227-libibus-1.0-dev_1.5.29-2_amd64.deb ...
#8 146.8 Unpacking libibus-1.0-dev:amd64 (1.5.29-2) ...
#8 146.8 Selecting previously unselected package libjxr0t64:amd64.
#8 146.8 Preparing to unpack .../228-libjxr0t64_1.2~git20170615.f752187-5.1ubuntu2_amd64.deb ...
#8 146.9 Unpacking libjxr0t64:amd64 (1.2~git20170615.f752187-5.1ubuntu2) ...
#8 147.0 Selecting previously unselected package libkmlconvenience1t64:amd64.
#8 147.0 Preparing to unpack .../229-libkmlconvenience1t64_1.3.0-12build1_amd64.deb ...
#8 147.0 Unpacking libkmlconvenience1t64:amd64 (1.3.0-12build1) ...
#8 147.0 Selecting previously unselected package libkmlregionator1t64:amd64.
#8 147.0 Preparing to unpack .../230-libkmlregionator1t64_1.3.0-12build1_amd64.deb ...
#8 147.1 Unpacking libkmlregionator1t64:amd64 (1.3.0-12build1) ...
#8 147.1 Selecting previously unselected package libkmlxsd1t64:amd64.
#8 147.1 Preparing to unpack .../231-libkmlxsd1t64_1.3.0-12build1_amd64.deb ...
#8 147.1 Unpacking libkmlxsd1t64:amd64 (1.3.0-12build1) ...
#8 147.2 Selecting previously unselected package liblua5.2-0:amd64.
#8 147.2 Preparing to unpack .../232-liblua5.2-0_5.2.4-3build2_amd64.deb ...
#8 147.2 Unpacking liblua5.2-0:amd64 (5.2.4-3build2) ...
#8 147.3 Selecting previously unselected package libreadline-dev:amd64.
#8 147.3 Preparing to unpack .../233-libreadline-dev_8.2-4build1_amd64.deb ...
#8 147.3 Unpacking libreadline-dev:amd64 (8.2-4build1) ...
#8 147.4 Selecting previously unselected package liblua5.2-dev:amd64.
#8 147.4 Preparing to unpack .../234-liblua5.2-dev_5.2.4-3build2_amd64.deb ...
#8 147.4 Unpacking liblua5.2-dev:amd64 (5.2.4-3build2) ...
#8 147.5 Selecting previously unselected package libminizip-dev:amd64.
#8 147.5 Preparing to unpack .../235-libminizip-dev_1%3a1.3.dfsg-3.1ubuntu2.1_amd64.deb ...
#8 147.5 Unpacking libminizip-dev:amd64 (1:1.3.dfsg-3.1ubuntu2.1) ...
#8 147.6 Selecting previously unselected package libnanoflann-dev.
#8 147.6 Preparing to unpack .../236-libnanoflann-dev_1.5.4+ds-1_all.deb ...
#8 147.6 Unpacking libnanoflann-dev (1.5.4+ds-1) ...
#8 147.6 Selecting previously unselected package libnetcdf-dev.
#8 147.6 Preparing to unpack .../237-libnetcdf-dev_1%3a4.9.2-5ubuntu4_amd64.deb ...
#8 147.6 Unpacking libnetcdf-dev (1:4.9.2-5ubuntu4) ...
#8 147.7 Selecting previously unselected package liboctomap-dev:amd64.
#8 147.7 Preparing to unpack .../238-liboctomap-dev_1.9.7+dfsg-3.1build3_amd64.deb ...
#8 147.8 Unpacking liboctomap-dev:amd64 (1.9.7+dfsg-3.1build3) ...
#8 147.8 Selecting previously unselected package libodbccr2:amd64.
#8 147.9 Preparing to unpack .../239-libodbccr2_2.3.12-1ubuntu0.24.04.1_amd64.deb ...
#8 147.9 Unpacking libodbccr2:amd64 (2.3.12-1ubuntu0.24.04.1) ...
#8 147.9 Selecting previously unselected package libode8t64.
#8 147.9 Preparing to unpack .../240-libode8t64_2%3a0.16.2-1.1build1_amd64.deb ...
#8 147.9 Unpacking libode8t64 (2:0.16.2-1.1build1) ...
#8 148.0 Selecting previously unselected package libode-dev.
#8 148.0 Preparing to unpack .../241-libode-dev_2%3a0.16.2-1.1build1_amd64.deb ...
#8 148.0 Unpacking libode-dev (2:0.16.2-1.1build1) ...
#8 148.1 Selecting previously unselected package libtirpc-dev:amd64.
#8 148.1 Preparing to unpack .../242-libtirpc-dev_1.3.4+ds-1.1build1_amd64.deb ...
#8 148.1 Unpacking libtirpc-dev:amd64 (1.3.4+ds-1.1build1) ...
#8 148.2 Selecting previously unselected package libogdi-dev.
#8 148.2 Preparing to unpack .../243-libogdi-dev_4.1.1+ds-3build1_amd64.deb ...
#8 148.2 Unpacking libogdi-dev (4.1.1+ds-3build1) ...
#8 148.3 Preparing to unpack .../244-libopenjp2-7_2.5.0-2ubuntu0.5_amd64.deb ...
#8 148.3 Unpacking libopenjp2-7:amd64 (2.5.0-2ubuntu0.5) over (2.5.0-2ubuntu0.4) ...
#8 148.4 Selecting previously unselected package libraw23t64:amd64.
#8 148.4 Preparing to unpack .../245-libraw23t64_0.21.2-2.1ubuntu0.24.04.1_amd64.deb ...
#8 148.4 Unpacking libraw23t64:amd64 (0.21.2-2.1ubuntu0.24.04.1) ...
#8 148.5 Selecting previously unselected package libfreeimage3:amd64.
#8 148.5 Preparing to unpack .../246-libfreeimage3_3.18.0+ds2-10build4_amd64.deb ...
#8 148.5 Unpacking libfreeimage3:amd64 (3.18.0+ds2-10build4) ...
#8 148.6 Selecting previously unselected package libzzip-0-13t64:amd64.
#8 148.6 Preparing to unpack .../247-libzzip-0-13t64_0.13.72+dfsg.1-1.2build1_amd64.deb ...
#8 148.6 Unpacking libzzip-0-13t64:amd64 (0.13.72+dfsg.1-1.2build1) ...
#8 148.7 Selecting previously unselected package libogre-1.9.0t64:amd64.
#8 148.7 Preparing to unpack .../248-libogre-1.9.0t64_1.9.0+dfsg1-14.1build2_amd64.deb ...
#8 148.8 Unpacking libogre-1.9.0t64:amd64 (1.9.0+dfsg1-14.1build2) ...
#8 148.9 Selecting previously unselected package libogre-1.9-dev.
#8 148.9 Preparing to unpack .../249-libogre-1.9-dev_1.9.0+dfsg1-14.1build2_amd64.deb ...
#8 148.9 Unpacking libogre-1.9-dev (1.9.0+dfsg1-14.1build2) ...
#8 149.1 Selecting previously unselected package libomp5-18:amd64.
#8 149.1 Preparing to unpack .../250-libomp5-18_1%3a18.1.3-1ubuntu1_amd64.deb ...
#8 149.1 Unpacking libomp5-18:amd64 (1:18.1.3-1ubuntu1) ...
#8 149.2 Selecting previously unselected package libomp-18-dev.
#8 149.2 Preparing to unpack .../251-libomp-18-dev_1%3a18.1.3-1ubuntu1_amd64.deb ...
#8 149.2 Unpacking libomp-18-dev (1:18.1.3-1ubuntu1) ...
#8 149.4 Selecting previously unselected package libtinyxml2.6.2v5:amd64.
#8 149.4 Preparing to unpack .../252-libtinyxml2.6.2v5_2.6.2-6.1_amd64.deb ...
#8 149.4 Unpacking libtinyxml2.6.2v5:amd64 (2.6.2-6.1) ...
#8 149.5 Selecting previously unselected package libopenni0t64.
#8 149.5 Preparing to unpack .../253-libopenni0t64_1.5.4.0+dfsg-7.1build1_amd64.deb ...
#8 149.5 Unpacking libopenni0t64 (1.5.4.0+dfsg-7.1build1) ...
#8 149.5 Selecting previously unselected package libopenni-dev:amd64.
#8 149.5 Preparing to unpack .../254-libopenni-dev_1.5.4.0+dfsg-7.1build1_amd64.deb ...
#8 149.5 Unpacking libopenni-dev:amd64 (1.5.4.0+dfsg-7.1build1) ...
#8 149.6 Selecting previously unselected package libpcl-common1.14:amd64.
#8 149.6 Preparing to unpack .../255-libpcl-common1.14_1.14.0+dfsg-1_amd64.deb ...
#8 149.6 Unpacking libpcl-common1.14:amd64 (1.14.0+dfsg-1) ...
#8 149.7 Selecting previously unselected package libpcl-kdtree1.14:amd64.
#8 149.7 Preparing to unpack .../256-libpcl-kdtree1.14_1.14.0+dfsg-1_amd64.deb ...
#8 149.7 Unpacking libpcl-kdtree1.14:amd64 (1.14.0+dfsg-1) ...
#8 149.8 Selecting previously unselected package libpcl-octree1.14:amd64.
#8 149.8 Preparing to unpack .../257-libpcl-octree1.14_1.14.0+dfsg-1_amd64.deb ...
#8 149.8 Unpacking libpcl-octree1.14:amd64 (1.14.0+dfsg-1) ...
#8 149.9 Selecting previously unselected package libpcl-sample-consensus1.14:amd64.
#8 149.9 Preparing to unpack .../258-libpcl-sample-consensus1.14_1.14.0+dfsg-1_amd64.deb ...
#8 149.9 Unpacking libpcl-sample-consensus1.14:amd64 (1.14.0+dfsg-1) ...
#8 150.0 Selecting previously unselected package libpcl-search1.14:amd64.
#8 150.0 Preparing to unpack .../259-libpcl-search1.14_1.14.0+dfsg-1_amd64.deb ...
#8 150.0 Unpacking libpcl-search1.14:amd64 (1.14.0+dfsg-1) ...
#8 150.1 Selecting previously unselected package libpcl-filters1.14:amd64.
#8 150.1 Preparing to unpack .../260-libpcl-filters1.14_1.14.0+dfsg-1_amd64.deb ...
#8 150.1 Unpacking libpcl-filters1.14:amd64 (1.14.0+dfsg-1) ...
#8 150.2 Selecting previously unselected package libpcl-features1.14:amd64.
#8 150.2 Preparing to unpack .../261-libpcl-features1.14_1.14.0+dfsg-1_amd64.deb ...
#8 150.2 Unpacking libpcl-features1.14:amd64 (1.14.0+dfsg-1) ...
#8 150.4 Selecting previously unselected package libpcl-ml1.14:amd64.
#8 150.4 Preparing to unpack .../262-libpcl-ml1.14_1.14.0+dfsg-1_amd64.deb ...
#8 150.5 Unpacking libpcl-ml1.14:amd64 (1.14.0+dfsg-1) ...
#8 150.5 Selecting previously unselected package libpcl-segmentation1.14:amd64.
#8 150.5 Preparing to unpack .../263-libpcl-segmentation1.14_1.14.0+dfsg-1_amd64.deb ...
#8 150.5 Unpacking libpcl-segmentation1.14:amd64 (1.14.0+dfsg-1) ...
#8 150.6 Selecting previously unselected package libpcl-surface1.14:amd64.
#8 150.7 Preparing to unpack .../264-libpcl-surface1.14_1.14.0+dfsg-1_amd64.deb ...
#8 150.7 Unpacking libpcl-surface1.14:amd64 (1.14.0+dfsg-1) ...
#8 150.8 Selecting previously unselected package libpcl-apps1.14:amd64.
#8 150.8 Preparing to unpack .../265-libpcl-apps1.14_1.14.0+dfsg-1_amd64.deb ...
#8 150.8 Unpacking libpcl-apps1.14:amd64 (1.14.0+dfsg-1) ...
#8 150.9 Selecting previously unselected package libpcl-io1.14:amd64.
#8 150.9 Preparing to unpack .../266-libpcl-io1.14_1.14.0+dfsg-1_amd64.deb ...
#8 150.9 Unpacking libpcl-io1.14:amd64 (1.14.0+dfsg-1) ...
#8 151.0 Selecting previously unselected package libpcl-keypoints1.14:amd64.
#8 151.0 Preparing to unpack .../267-libpcl-keypoints1.14_1.14.0+dfsg-1_amd64.deb ...
#8 151.0 Unpacking libpcl-keypoints1.14:amd64 (1.14.0+dfsg-1) ...
#8 151.0 Selecting previously unselected package libpcl-outofcore1.14:amd64.
#8 151.0 Preparing to unpack .../268-libpcl-outofcore1.14_1.14.0+dfsg-1_amd64.deb ...
#8 151.0 Unpacking libpcl-outofcore1.14:amd64 (1.14.0+dfsg-1) ...
#8 151.1 Selecting previously unselected package libpcl-people1.14:amd64.
#8 151.1 Preparing to unpack .../269-libpcl-people1.14_1.14.0+dfsg-1_amd64.deb ...
#8 151.1 Unpacking libpcl-people1.14:amd64 (1.14.0+dfsg-1) ...
#8 151.2 Selecting previously unselected package libpcl-registration1.14:amd64.
#8 151.2 Preparing to unpack .../270-libpcl-registration1.14_1.14.0+dfsg-1_amd64.deb ...
#8 151.2 Unpacking libpcl-registration1.14:amd64 (1.14.0+dfsg-1) ...
#8 151.3 Selecting previously unselected package libpcl-recognition1.14:amd64.
#8 151.3 Preparing to unpack .../271-libpcl-recognition1.14_1.14.0+dfsg-1_amd64.deb ...
#8 151.3 Unpacking libpcl-recognition1.14:amd64 (1.14.0+dfsg-1) ...
#8 151.4 Selecting previously unselected package libpcl-stereo1.14:amd64.
#8 151.4 Preparing to unpack .../272-libpcl-stereo1.14_1.14.0+dfsg-1_amd64.deb ...
#8 151.4 Unpacking libpcl-stereo1.14:amd64 (1.14.0+dfsg-1) ...
#8 151.5 Selecting previously unselected package libpcl-tracking1.14:amd64.
#8 151.5 Preparing to unpack .../273-libpcl-tracking1.14_1.14.0+dfsg-1_amd64.deb ...
#8 151.5 Unpacking libpcl-tracking1.14:amd64 (1.14.0+dfsg-1) ...
#8 151.6 Selecting previously unselected package libpcl-visualization1.14:amd64.
#8 151.6 Preparing to unpack .../274-libpcl-visualization1.14_1.14.0+dfsg-1_amd64.deb ...
#8 151.6 Unpacking libpcl-visualization1.14:amd64 (1.14.0+dfsg-1) ...
#8 151.7 Selecting previously unselected package libpcre16-3:amd64.
#8 151.7 Preparing to unpack .../275-libpcre16-3_2%3a8.39-15build1_amd64.deb ...
#8 151.7 Unpacking libpcre16-3:amd64 (2:8.39-15build1) ...
#8 151.8 Selecting previously unselected package libpcre3:amd64.
#8 151.8 Preparing to unpack .../276-libpcre3_2%3a8.39-15build1_amd64.deb ...
#8 151.8 Unpacking libpcre3:amd64 (2:8.39-15build1) ...
#8 151.9 Selecting previously unselected package libpcre32-3:amd64.
#8 151.9 Preparing to unpack .../277-libpcre32-3_2%3a8.39-15build1_amd64.deb ...
#8 151.9 Unpacking libpcre32-3:amd64 (2:8.39-15build1) ...
#8 152.0 Selecting previously unselected package libpcrecpp0v5:amd64.
#8 152.0 Preparing to unpack .../278-libpcrecpp0v5_2%3a8.39-15build1_amd64.deb ...
#8 152.0 Unpacking libpcrecpp0v5:amd64 (2:8.39-15build1) ...
#8 152.1 Selecting previously unselected package libpcre3-dev:amd64.
#8 152.1 Preparing to unpack .../279-libpcre3-dev_2%3a8.39-15build1_amd64.deb ...
#8 152.1 Unpacking libpcre3-dev:amd64 (2:8.39-15build1) ...
#8 152.2 Selecting previously unselected package libpocofoundation80t64:amd64.
#8 152.2 Preparing to unpack .../280-libpocofoundation80t64_1.11.0-4.1build2_amd64.deb ...
#8 152.2 Unpacking libpocofoundation80t64:amd64 (1.11.0-4.1build2) ...
#8 152.2 Selecting previously unselected package libpocodata80t64:amd64.
#8 152.3 Preparing to unpack .../281-libpocodata80t64_1.11.0-4.1build2_amd64.deb ...
#8 152.3 Unpacking libpocodata80t64:amd64 (1.11.0-4.1build2) ...
#8 152.3 Selecting previously unselected package libpocoactiverecord80t64:amd64.
#8 152.3 Preparing to unpack .../282-libpocoactiverecord80t64_1.11.0-4.1build2_amd64.deb ...
#8 152.4 Unpacking libpocoactiverecord80t64:amd64 (1.11.0-4.1build2) ...
#8 152.4 Selecting previously unselected package libpococrypto80t64:amd64.
#8 152.4 Preparing to unpack .../283-libpococrypto80t64_1.11.0-4.1build2_amd64.deb ...
#8 152.4 Unpacking libpococrypto80t64:amd64 (1.11.0-4.1build2) ...
#8 152.5 Selecting previously unselected package libpocoencodings80t64:amd64.
#8 152.5 Preparing to unpack .../284-libpocoencodings80t64_1.11.0-4.1build2_amd64.deb ...
#8 152.5 Unpacking libpocoencodings80t64:amd64 (1.11.0-4.1build2) ...
#8 152.6 Selecting previously unselected package libpocojson80t64:amd64.
#8 152.6 Preparing to unpack .../285-libpocojson80t64_1.11.0-4.1build2_amd64.deb ...
#8 152.6 Unpacking libpocojson80t64:amd64 (1.11.0-4.1build2) ...
#8 152.7 Selecting previously unselected package libpocojwt80t64:amd64.
#8 152.7 Preparing to unpack .../286-libpocojwt80t64_1.11.0-4.1build2_amd64.deb ...
#8 152.7 Unpacking libpocojwt80t64:amd64 (1.11.0-4.1build2) ...
#8 152.7 Selecting previously unselected package libpocodatamysql80t64:amd64.
#8 152.8 Preparing to unpack .../287-libpocodatamysql80t64_1.11.0-4.1build2_amd64.deb ...
#8 152.8 Unpacking libpocodatamysql80t64:amd64 (1.11.0-4.1build2) ...
#8 152.8 Preparing to unpack .../288-libpq5_16.14-0ubuntu0.24.04.1_amd64.deb ...
#8 152.8 Unpacking libpq5:amd64 (16.14-0ubuntu0.24.04.1) over (16.13-0ubuntu0.24.04.1) ...
#8 152.9 Selecting previously unselected package libpocodatapostgresql80t64:amd64.
#8 153.0 Preparing to unpack .../289-libpocodatapostgresql80t64_1.11.0-4.1build2_amd64.deb ...
#8 153.0 Unpacking libpocodatapostgresql80t64:amd64 (1.11.0-4.1build2) ...
#8 153.0 Selecting previously unselected package libpoconet80t64:amd64.
#8 153.0 Preparing to unpack .../290-libpoconet80t64_1.11.0-4.1build2_amd64.deb ...
#8 153.1 Unpacking libpoconet80t64:amd64 (1.11.0-4.1build2) ...
#8 153.1 Selecting previously unselected package libpocomongodb80t64:amd64.
#8 153.1 Preparing to unpack .../291-libpocomongodb80t64_1.11.0-4.1build2_amd64.deb ...
#8 153.1 Unpacking libpocomongodb80t64:amd64 (1.11.0-4.1build2) ...
#8 153.2 Selecting previously unselected package libpocoxml80t64:amd64.
#8 153.2 Preparing to unpack .../292-libpocoxml80t64_1.11.0-4.1build2_amd64.deb ...
#8 153.2 Unpacking libpocoxml80t64:amd64 (1.11.0-4.1build2) ...
#8 153.3 Selecting previously unselected package libpocoutil80t64:amd64.
#8 153.3 Preparing to unpack .../293-libpocoutil80t64_1.11.0-4.1build2_amd64.deb ...
#8 153.3 Unpacking libpocoutil80t64:amd64 (1.11.0-4.1build2) ...
#8 153.4 Selecting previously unselected package libpoconetssl80t64:amd64.
#8 153.4 Preparing to unpack .../294-libpoconetssl80t64_1.11.0-4.1build2_amd64.deb ...
#8 153.4 Unpacking libpoconetssl80t64:amd64 (1.11.0-4.1build2) ...
#8 153.5 Selecting previously unselected package libpocodataodbc80t64:amd64.
#8 153.5 Preparing to unpack .../295-libpocodataodbc80t64_1.11.0-4.1build2_amd64.deb ...
#8 153.5 Unpacking libpocodataodbc80t64:amd64 (1.11.0-4.1build2) ...
#8 153.5 Selecting previously unselected package libpocodatasqlite80t64:amd64.
#8 153.5 Preparing to unpack .../296-libpocodatasqlite80t64_1.11.0-4.1build2_amd64.deb ...
#8 153.5 Unpacking libpocodatasqlite80t64:amd64 (1.11.0-4.1build2) ...
#8 153.6 Selecting previously unselected package libpocoredis80t64:amd64.
#8 153.6 Preparing to unpack .../297-libpocoredis80t64_1.11.0-4.1build2_amd64.deb ...
#8 153.6 Unpacking libpocoredis80t64:amd64 (1.11.0-4.1build2) ...
#8 153.7 Selecting previously unselected package libpocozip80t64:amd64.
#8 153.7 Preparing to unpack .../298-libpocozip80t64_1.11.0-4.1build2_amd64.deb ...
#8 153.7 Unpacking libpocozip80t64:amd64 (1.11.0-4.1build2) ...
#8 153.8 Selecting previously unselected package libpoco-dev:amd64.
#8 153.8 Preparing to unpack .../299-libpoco-dev_1.11.0-4.1build2_amd64.deb ...
#8 153.8 Unpacking libpoco-dev:amd64 (1.11.0-4.1build2) ...
#8 154.0 Preparing to unpack .../300-libpoppler134_24.02.0-1ubuntu9.9_amd64.deb ...
#8 154.0 Unpacking libpoppler134:amd64 (24.02.0-1ubuntu9.9) over (24.02.0-1ubuntu9.8) ...
#8 154.1 Selecting previously unselected package libpoppler-dev:amd64.
#8 154.2 Preparing to unpack .../301-libpoppler-dev_24.02.0-1ubuntu9.9_amd64.deb ...
#8 154.2 Unpacking libpoppler-dev:amd64 (24.02.0-1ubuntu9.9) ...
#8 154.2 Selecting previously unselected package libpoppler-private-dev:amd64.
#8 154.2 Preparing to unpack .../302-libpoppler-private-dev_24.02.0-1ubuntu9.9_amd64.deb ...
#8 154.2 Unpacking libpoppler-private-dev:amd64 (24.02.0-1ubuntu9.9) ...
#8 154.3 Selecting previously unselected package libpq-dev.
#8 154.3 Preparing to unpack .../303-libpq-dev_16.14-0ubuntu0.24.04.1_amd64.deb ...
#8 154.3 Unpacking libpq-dev (16.14-0ubuntu0.24.04.1) ...
#8 154.4 Selecting previously unselected package libprotobuf-lite32t64:amd64.
#8 154.4 Preparing to unpack .../304-libprotobuf-lite32t64_3.21.12-8.2ubuntu0.3_amd64.deb ...
#8 154.4 Unpacking libprotobuf-lite32t64:amd64 (3.21.12-8.2ubuntu0.3) ...
#8 154.5 Selecting previously unselected package libprotoc32t64:amd64.
#8 154.5 Preparing to unpack .../305-libprotoc32t64_3.21.12-8.2ubuntu0.3_amd64.deb ...
#8 154.5 Unpacking libprotoc32t64:amd64 (3.21.12-8.2ubuntu0.3) ...
#8 154.6 Selecting previously unselected package libpulse-mainloop-glib0:amd64.
#8 154.6 Preparing to unpack .../306-libpulse-mainloop-glib0_1%3a16.1+dfsg1-2ubuntu10.1_amd64.deb ...
#8 154.6 Unpacking libpulse-mainloop-glib0:amd64 (1:16.1+dfsg1-2ubuntu10.1) ...
#8 154.7 Selecting previously unselected package libpulse-dev:amd64.
#8 154.7 Preparing to unpack .../307-libpulse-dev_1%3a16.1+dfsg1-2ubuntu10.1_amd64.deb ...
#8 154.7 Unpacking libpulse-dev:amd64 (1:16.1+dfsg1-2ubuntu10.1) ...
#8 154.8 Selecting previously unselected package libqhull8.0:amd64.
#8 154.8 Preparing to unpack .../308-libqhull8.0_2020.2-6build1_amd64.deb ...
#8 154.8 Unpacking libqhull8.0:amd64 (2020.2-6build1) ...
#8 154.9 Selecting previously unselected package libqhullcpp8.0:amd64.
#8 154.9 Preparing to unpack .../309-libqhullcpp8.0_2020.2-6build1_amd64.deb ...
#8 154.9 Unpacking libqhullcpp8.0:amd64 (2020.2-6build1) ...
#8 154.9 Selecting previously unselected package libqhull-dev:amd64.
#8 154.9 Preparing to unpack .../310-libqhull-dev_2020.2-6build1_amd64.deb ...
#8 155.0 Unpacking libqhull-dev:amd64 (2020.2-6build1) ...
#8 155.0 Selecting previously unselected package libqt5charts5:amd64.
#8 155.0 Preparing to unpack .../311-libqt5charts5_5.15.13-1_amd64.deb ...
#8 155.0 Unpacking libqt5charts5:amd64 (5.15.13-1) ...
#8 155.1 Selecting previously unselected package libqt5designercomponents5:amd64.
#8 155.2 Preparing to unpack .../312-libqt5designercomponents5_5.15.13-1_amd64.deb ...
#8 155.2 Unpacking libqt5designercomponents5:amd64 (5.15.13-1) ...
#8 155.2 Selecting previously unselected package libqt5positioningquick5:amd64.
#8 155.3 Preparing to unpack .../313-libqt5positioningquick5_5.15.13+dfsg-1_amd64.deb ...
#8 155.3 Unpacking libqt5positioningquick5:amd64 (5.15.13+dfsg-1) ...
#8 155.4 Selecting previously unselected package libqt5location5:amd64.
#8 155.4 Preparing to unpack .../314-libqt5location5_5.15.13+dfsg-1_amd64.deb ...
#8 155.4 Unpacking libqt5location5:amd64 (5.15.13+dfsg-1) ...
#8 155.4 Selecting previously unselected package libqt5location5-plugins:amd64.
#8 155.5 Preparing to unpack .../315-libqt5location5-plugins_5.15.13+dfsg-1_amd64.deb ...
#8 155.5 Unpacking libqt5location5-plugins:amd64 (5.15.13+dfsg-1) ...
#8 155.6 Selecting previously unselected package libqt5serialport5:amd64.
#8 155.6 Preparing to unpack .../316-libqt5serialport5_5.15.13-1_amd64.deb ...
#8 155.6 Unpacking libqt5serialport5:amd64 (5.15.13-1) ...
#8 155.6 Selecting previously unselected package libqt5positioning5-plugins:amd64.
#8 155.7 Preparing to unpack .../317-libqt5positioning5-plugins_5.15.13+dfsg-1_amd64.deb ...
#8 155.7 Unpacking libqt5positioning5-plugins:amd64 (5.15.13+dfsg-1) ...
#8 155.7 Selecting previously unselected package libqt5quicktemplates2-5:amd64.
#8 155.7 Preparing to unpack .../318-libqt5quicktemplates2-5_5.15.13+dfsg-1_amd64.deb ...
#8 155.7 Unpacking libqt5quicktemplates2-5:amd64 (5.15.13+dfsg-1) ...
#8 155.8 Selecting previously unselected package libqt5quickcontrols2-5:amd64.
#8 155.8 Preparing to unpack .../319-libqt5quickcontrols2-5_5.15.13+dfsg-1_amd64.deb ...
#8 155.9 Unpacking libqt5quickcontrols2-5:amd64 (5.15.13+dfsg-1) ...
#8 155.9 Selecting previously unselected package librttopo-dev:amd64.
#8 155.9 Preparing to unpack .../320-librttopo-dev_1.1.0-3build2_amd64.deb ...
#8 155.9 Unpacking librttopo-dev:amd64 (1.1.0-3build2) ...
#8 156.0 Selecting previously unselected package libsamplerate0-dev:amd64.
#8 156.0 Preparing to unpack .../321-libsamplerate0-dev_0.2.2-4build1_amd64.deb ...
#8 156.0 Unpacking libsamplerate0-dev:amd64 (0.2.2-4build1) ...
#8 156.1 Selecting previously unselected package libsndio-dev:amd64.
#8 156.1 Preparing to unpack .../322-libsndio-dev_1.9.0-0.3build3_amd64.deb ...
#8 156.1 Unpacking libsndio-dev:amd64 (1.9.0-0.3build3) ...
#8 156.2 Selecting previously unselected package libudev-dev:amd64.
#8 156.2 Preparing to unpack .../323-libudev-dev_255.4-1ubuntu8.16_amd64.deb ...
#8 156.2 Unpacking libudev-dev:amd64 (255.4-1ubuntu8.16) ...
#8 156.2 Selecting previously unselected package libxfixes-dev:amd64.
#8 156.2 Preparing to unpack .../324-libxfixes-dev_1%3a6.0.0-2build1_amd64.deb ...
#8 156.3 Unpacking libxfixes-dev:amd64 (1:6.0.0-2build1) ...
#8 156.3 Selecting previously unselected package libxcursor-dev:amd64.
#8 156.3 Preparing to unpack .../325-libxcursor-dev_1%3a1.2.1-1build1_amd64.deb ...
#8 156.4 Unpacking libxcursor-dev:amd64 (1:1.2.1-1build1) ...
#8 156.4 Selecting previously unselected package libxi-dev:amd64.
#8 156.4 Preparing to unpack .../326-libxi-dev_2%3a1.8.1-1build1_amd64.deb ...
#8 156.4 Unpacking libxi-dev:amd64 (2:1.8.1-1build1) ...
#8 156.5 Selecting previously unselected package libxinerama-dev:amd64.
#8 156.5 Preparing to unpack .../327-libxinerama-dev_2%3a1.1.4-3build1_amd64.deb ...
#8 156.5 Unpacking libxinerama-dev:amd64 (2:1.1.4-3build1) ...
#8 156.6 Selecting previously unselected package libxkbcommon-dev:amd64.
#8 156.6 Preparing to unpack .../328-libxkbcommon-dev_1.6.0-1build1_amd64.deb ...
#8 156.6 Unpacking libxkbcommon-dev:amd64 (1.6.0-1build1) ...
#8 156.7 Selecting previously unselected package libxss-dev:amd64.
#8 156.7 Preparing to unpack .../329-libxss-dev_1%3a1.2.3-1build3_amd64.deb ...
#8 156.7 Unpacking libxss-dev:amd64 (1:1.2.3-1build3) ...
#8 156.8 Selecting previously unselected package libxv-dev:amd64.
#8 156.8 Preparing to unpack .../330-libxv-dev_2%3a1.0.11-1.1build1_amd64.deb ...
#8 156.8 Unpacking libxv-dev:amd64 (2:1.0.11-1.1build1) ...
#8 156.8 Selecting previously unselected package libxxf86vm-dev:amd64.
#8 156.8 Preparing to unpack .../331-libxxf86vm-dev_1%3a1.1.4-1build4_amd64.deb ...
#8 156.8 Unpacking libxxf86vm-dev:amd64 (1:1.1.4-1build4) ...
#8 156.9 Selecting previously unselected package libsdl2-dev:amd64.
#8 156.9 Preparing to unpack .../332-libsdl2-dev_2.30.0+dfsg-1ubuntu3.1_amd64.deb ...
#8 156.9 Unpacking libsdl2-dev:amd64 (2.30.0+dfsg-1ubuntu3.1) ...
#8 157.0 Selecting previously unselected package spirv-headers.
#8 157.1 Preparing to unpack .../333-spirv-headers_1.6.1+1.4.309.0-1~ubuntu0.24.04.2_all.deb ...
#8 157.1 Unpacking spirv-headers (1.6.1+1.4.309.0-1~ubuntu0.24.04.2) ...
#8 157.2 Selecting previously unselected package libshaderc-dev:amd64.
#8 157.2 Preparing to unpack .../334-libshaderc-dev_2023.8-1build1_amd64.deb ...
#8 157.2 Unpacking libshaderc-dev:amd64 (2023.8-1build1) ...
#8 157.2 Selecting previously unselected package liburdfdom-model-state4.0:amd64.
#8 157.2 Preparing to unpack .../335-liburdfdom-model-state4.0_4.0.0-0ubuntu1_amd64.deb ...
#8 157.3 Unpacking liburdfdom-model-state4.0:amd64 (4.0.0-0ubuntu1) ...
#8 157.3 Selecting previously unselected package liburdfdom-model4.0:amd64.
#8 157.3 Preparing to unpack .../336-liburdfdom-model4.0_4.0.0-0ubuntu1_amd64.deb ...
#8 157.3 Unpacking liburdfdom-model4.0:amd64 (4.0.0-0ubuntu1) ...
#8 157.4 Selecting previously unselected package liburdfdom-sensor4.0:amd64.
#8 157.4 Preparing to unpack .../337-liburdfdom-sensor4.0_4.0.0-0ubuntu1_amd64.deb ...
#8 157.4 Unpacking liburdfdom-sensor4.0:amd64 (4.0.0-0ubuntu1) ...
#8 157.5 Selecting previously unselected package liburdfdom-world4.0:amd64.
#8 157.5 Preparing to unpack .../338-liburdfdom-world4.0_4.0.0-0ubuntu1_amd64.deb ...
#8 157.5 Unpacking liburdfdom-world4.0:amd64 (4.0.0-0ubuntu1) ...
#8 157.5 Selecting previously unselected package liburiparser-dev.
#8 157.6 Preparing to unpack .../339-liburiparser-dev_0.9.7+dfsg-2build1_amd64.deb ...
#8 157.6 Unpacking liburiparser-dev (0.9.7+dfsg-2build1) ...
#8 157.7 Selecting previously unselected package libutfcpp-dev.
#8 157.7 Preparing to unpack .../340-libutfcpp-dev_3.2.5+really3.2.4-1_all.deb ...
#8 157.7 Unpacking libutfcpp-dev (3.2.5+really3.2.4-1) ...
#8 157.7 Selecting previously unselected package libdouble-conversion-dev:amd64.
#8 157.8 Preparing to unpack .../341-libdouble-conversion-dev_3.3.0-1build1_amd64.deb ...
#8 157.8 Unpacking libdouble-conversion-dev:amd64 (3.3.0-1build1) ...
#8 157.8 Selecting previously unselected package libfreexl-dev:amd64.
#8 157.8 Preparing to unpack .../342-libfreexl-dev_2.0.0-1build2_amd64.deb ...
#8 157.8 Unpacking libfreexl-dev:amd64 (2.0.0-1build2) ...
#8 157.9 Selecting previously unselected package libproj-dev:amd64.
#8 157.9 Preparing to unpack .../343-libproj-dev_9.4.0-1build2_amd64.deb ...
#8 157.9 Unpacking libproj-dev:amd64 (9.4.0-1build2) ...
#8 158.0 Selecting previously unselected package libgeotiff-dev:amd64.
#8 158.0 Preparing to unpack .../344-libgeotiff-dev_1.7.1-5build1_amd64.deb ...
#8 158.0 Unpacking libgeotiff-dev:amd64 (1.7.1-5build1) ...
#8 158.1 Selecting previously unselected package libhdf4-alt-dev.
#8 158.1 Preparing to unpack .../345-libhdf4-alt-dev_4.2.16-4build1_amd64.deb ...
#8 158.1 Unpacking libhdf4-alt-dev (4.2.16-4build1) ...
#8 158.2 Selecting previously unselected package libjson-c-dev:amd64.
#8 158.2 Preparing to unpack .../346-libjson-c-dev_0.17-1build1_amd64.deb ...
#8 158.2 Unpacking libjson-c-dev:amd64 (0.17-1build1) ...
#8 158.3 Selecting previously unselected package libkml-dev:amd64.
#8 158.3 Preparing to unpack .../347-libkml-dev_1.3.0-12build1_amd64.deb ...
#8 158.3 Unpacking libkml-dev:amd64 (1.3.0-12build1) ...
#8 158.4 Selecting previously unselected package libopenjp2-7-dev:amd64.
#8 158.4 Preparing to unpack .../348-libopenjp2-7-dev_2.5.0-2ubuntu0.5_amd64.deb ...
#8 158.4 Unpacking libopenjp2-7-dev:amd64 (2.5.0-2ubuntu0.5) ...
#8 158.5 Selecting previously unselected package libspatialite-dev:amd64.
#8 158.5 Preparing to unpack .../349-libspatialite-dev_5.1.0-3build1_amd64.deb ...
#8 158.5 Unpacking libspatialite-dev:amd64 (5.1.0-3build1) ...
#8 158.6 Selecting previously unselected package libxerces-c-dev:amd64.
#8 158.6 Preparing to unpack .../350-libxerces-c-dev_3.2.4+debian-1.2ubuntu2_amd64.deb ...
#8 158.6 Unpacking libxerces-c-dev:amd64 (3.2.4+debian-1.2ubuntu2) ...
#8 158.8 Selecting previously unselected package unixodbc-dev:amd64.
#8 158.8 Preparing to unpack .../351-unixodbc-dev_2.3.12-1ubuntu0.24.04.1_amd64.deb ...
#8 158.8 Unpacking unixodbc-dev:amd64 (2.3.12-1ubuntu0.24.04.1) ...
#8 158.9 Selecting previously unselected package libgdal-dev.
#8 158.9 Preparing to unpack .../352-libgdal-dev_3.8.4+dfsg-3ubuntu3_amd64.deb ...
#8 158.9 Unpacking libgdal-dev (3.8.4+dfsg-3ubuntu3) ...
#8 159.0 Selecting previously unselected package libjsoncpp-dev:amd64.
#8 159.0 Preparing to unpack .../353-libjsoncpp-dev_1.9.5-6build1_amd64.deb ...
#8 159.0 Unpacking libjsoncpp-dev:amd64 (1.9.5-6build1) ...
#8 159.1 Selecting previously unselected package libvtk9.1t64-qt:amd64.
#8 159.1 Preparing to unpack .../354-libvtk9.1t64-qt_9.1.0+really9.1.0+dfsg2-7.1build3_amd64.deb ...
#8 159.1 Unpacking libvtk9.1t64-qt:amd64 (9.1.0+really9.1.0+dfsg2-7.1build3) ...
#8 159.2 Selecting previously unselected package libvtk9-java.
#8 159.2 Preparing to unpack .../355-libvtk9-java_9.1.0+really9.1.0+dfsg2-7.1build3_amd64.deb ...
#8 159.2 Unpacking libvtk9-java (9.1.0+really9.1.0+dfsg2-7.1build3) ...
#8 159.4 Selecting previously unselected package libxft-dev:amd64.
#8 159.4 Preparing to unpack .../356-libxft-dev_2.3.6-1build1_amd64.deb ...
#8 159.4 Unpacking libxft-dev:amd64 (2.3.6-1build1) ...
#8 159.5 Selecting previously unselected package python3-mpi4py.
#8 159.5 Preparing to unpack .../357-python3-mpi4py_3.1.5-5ubuntu2_amd64.deb ...
#8 159.5 Unpacking python3-mpi4py (3.1.5-5ubuntu2) ...
#8 159.6 Selecting previously unselected package python3-vtk9.
#8 159.6 Preparing to unpack .../358-python3-vtk9_9.1.0+really9.1.0+dfsg2-7.1build3_amd64.deb ...
#8 159.6 Unpacking python3-vtk9 (9.1.0+really9.1.0+dfsg2-7.1build3) ...
#8 159.9 Selecting previously unselected package tcl8.6.
#8 159.9 Preparing to unpack .../359-tcl8.6_8.6.14+dfsg-1build1_amd64.deb ...
#8 159.9 Unpacking tcl8.6 (8.6.14+dfsg-1build1) ...
#8 160.0 Selecting previously unselected package tcl8.6-dev:amd64.
#8 160.0 Preparing to unpack .../360-tcl8.6-dev_8.6.14+dfsg-1build1_amd64.deb ...
#8 160.0 Unpacking tcl8.6-dev:amd64 (8.6.14+dfsg-1build1) ...
#8 160.1 Selecting previously unselected package tcl.
#8 160.1 Preparing to unpack .../361-tcl_8.6.14build1_amd64.deb ...
#8 160.2 Unpacking tcl (8.6.14build1) ...
#8 160.2 Selecting previously unselected package tcl-dev:amd64.
#8 160.2 Preparing to unpack .../362-tcl-dev_8.6.14build1_amd64.deb ...
#8 160.2 Unpacking tcl-dev:amd64 (8.6.14build1) ...
#8 160.3 Selecting previously unselected package tk8.6.
#8 160.3 Preparing to unpack .../363-tk8.6_8.6.14-1build1_amd64.deb ...
#8 160.3 Unpacking tk8.6 (8.6.14-1build1) ...
#8 160.4 Selecting previously unselected package tk8.6-dev:amd64.
#8 160.4 Preparing to unpack .../364-tk8.6-dev_8.6.14-1build1_amd64.deb ...
#8 160.4 Unpacking tk8.6-dev:amd64 (8.6.14-1build1) ...
#8 160.5 Selecting previously unselected package tk.
#8 160.5 Preparing to unpack .../365-tk_8.6.14build1_amd64.deb ...
#8 160.5 Unpacking tk (8.6.14build1) ...
#8 160.6 Selecting previously unselected package tk-dev:amd64.
#8 160.6 Preparing to unpack .../366-tk-dev_8.6.14build1_amd64.deb ...
#8 160.6 Unpacking tk-dev:amd64 (8.6.14build1) ...
#8 160.6 Selecting previously unselected package vtk9.
#8 160.6 Preparing to unpack .../367-vtk9_9.1.0+really9.1.0+dfsg2-7.1build3_amd64.deb ...
#8 160.7 Unpacking vtk9 (9.1.0+really9.1.0+dfsg2-7.1build3) ...
#8 160.7 Selecting previously unselected package libvtk9-dev.
#8 160.7 Preparing to unpack .../368-libvtk9-dev_9.1.0+really9.1.0+dfsg2-7.1build3_amd64.deb ...
#8 160.7 Unpacking libvtk9-dev (9.1.0+really9.1.0+dfsg2-7.1build3) ...
#8 161.2 Selecting previously unselected package qdoc-qt5.
#8 161.2 Preparing to unpack .../369-qdoc-qt5_5.15.13-1_amd64.deb ...
#8 161.2 Unpacking qdoc-qt5 (5.15.13-1) ...
#8 161.3 Selecting previously unselected package qhelpgenerator-qt5.
#8 161.3 Preparing to unpack .../370-qhelpgenerator-qt5_5.15.13-1_amd64.deb ...
#8 161.4 Unpacking qhelpgenerator-qt5 (5.15.13-1) ...
#8 161.4 Selecting previously unselected package qt5-assistant.
#8 161.4 Preparing to unpack .../371-qt5-assistant_5.15.13-1_amd64.deb ...
#8 161.4 Unpacking qt5-assistant (5.15.13-1) ...
#8 161.5 Selecting previously unselected package qtattributionsscanner-qt5.
#8 161.5 Preparing to unpack .../372-qtattributionsscanner-qt5_5.15.13-1_amd64.deb ...
#8 161.5 Unpacking qtattributionsscanner-qt5 (5.15.13-1) ...
#8 161.6 Selecting previously unselected package qttools5-dev-tools.
#8 161.6 Preparing to unpack .../373-qttools5-dev-tools_5.15.13-1_amd64.deb ...
#8 161.6 Unpacking qttools5-dev-tools (5.15.13-1) ...
#8 161.7 Selecting previously unselected package qttools5-dev:amd64.
#8 161.7 Preparing to unpack .../374-qttools5-dev_5.15.13-1_amd64.deb ...
#8 161.7 Unpacking qttools5-dev:amd64 (5.15.13-1) ...
#8 161.8 Selecting previously unselected package qttools5-private-dev:amd64.
#8 161.8 Preparing to unpack .../375-qttools5-private-dev_5.15.13-1_amd64.deb ...
#8 161.8 Unpacking qttools5-private-dev:amd64 (5.15.13-1) ...
#8 161.9 Selecting previously unselected package libvtk9-qt-dev:amd64.
#8 161.9 Preparing to unpack .../376-libvtk9-qt-dev_9.1.0+really9.1.0+dfsg2-7.1build3_amd64.deb ...
#8 161.9 Unpacking libvtk9-qt-dev:amd64 (9.1.0+really9.1.0+dfsg2-7.1build3) ...
#8 162.0 Selecting previously unselected package libx11-xcb-dev:amd64.
#8 162.0 Preparing to unpack .../377-libx11-xcb-dev_2%3a1.8.7-1build1_amd64.deb ...
#8 162.0 Unpacking libx11-xcb-dev:amd64 (2:1.8.7-1build1) ...
#8 162.1 Selecting previously unselected package libxcb-randr0-dev:amd64.
#8 162.1 Preparing to unpack .../378-libxcb-randr0-dev_1.15-1ubuntu2_amd64.deb ...
#8 162.1 Unpacking libxcb-randr0-dev:amd64 (1.15-1ubuntu2) ...
#8 162.1 Selecting previously unselected package xtl-dev.
#8 162.2 Preparing to unpack .../379-xtl-dev_0.7.5-3_all.deb ...
#8 162.2 Unpacking xtl-dev (0.7.5-3) ...
#8 162.2 Selecting previously unselected package libxsimd-dev:amd64.
#8 162.2 Preparing to unpack .../380-libxsimd-dev_12.1.1-3build1_amd64.deb ...
#8 162.2 Unpacking libxsimd-dev:amd64 (12.1.1-3build1) ...
#8 162.3 Selecting previously unselected package libxtensor-dev.
#8 162.3 Preparing to unpack .../381-libxtensor-dev_0.25.0-1_all.deb ...
#8 162.3 Unpacking libxtensor-dev (0.25.0-1) ...
#8 162.4 Selecting previously unselected package libzip4t64:amd64.
#8 162.4 Preparing to unpack .../382-libzip4t64_1.7.3-1.1ubuntu2_amd64.deb ...
#8 162.5 Unpacking libzip4t64:amd64 (1.7.3-1.1ubuntu2) ...
#8 162.5 Selecting previously unselected package libzip-dev:amd64.
#8 162.5 Preparing to unpack .../383-libzip-dev_1.7.3-1.1ubuntu2_amd64.deb ...
#8 162.5 Unpacking libzip-dev:amd64 (1.7.3-1.1ubuntu2) ...
#8 162.6 Selecting previously unselected package libzzip-dev.
#8 162.6 Preparing to unpack .../384-libzzip-dev_0.13.72+dfsg.1-1.2build1_amd64.deb ...
#8 162.6 Unpacking libzzip-dev (0.13.72+dfsg.1-1.2build1) ...
#8 162.7 Preparing to unpack .../385-mesa-vdpau-drivers_25.2.8-0ubuntu0.24.04.2_amd64.deb ...
#8 162.7 Unpacking mesa-vdpau-drivers:amd64 (25.2.8-0ubuntu0.24.04.2) over (25.2.8-0ubuntu0.24.04.1) ...
#8 162.8 Preparing to unpack .../386-mesa-vulkan-drivers_25.2.8-0ubuntu0.24.04.2_amd64.deb ...
#8 162.8 Unpacking mesa-vulkan-drivers:amd64 (25.2.8-0ubuntu0.24.04.2) over (25.2.8-0ubuntu0.24.04.1) ...
#8 163.5 Selecting previously unselected package python3-protobuf.
#8 163.5 Preparing to unpack .../387-python3-protobuf_3.21.12-8.2ubuntu0.3_amd64.deb ...
#8 163.5 Unpacking python3-protobuf (3.21.12-8.2ubuntu0.3) ...
#8 163.6 Selecting previously unselected package qml-module-qt-labs-folderlistmodel:amd64.
#8 163.6 Preparing to unpack .../388-qml-module-qt-labs-folderlistmodel_5.15.13+dfsg-1ubuntu0.1_amd64.deb ...
#8 163.6 Unpacking qml-module-qt-labs-folderlistmodel:amd64 (5.15.13+dfsg-1ubuntu0.1) ...
#8 163.7 Selecting previously unselected package qml-module-qt-labs-platform:amd64.
#8 163.7 Preparing to unpack .../389-qml-module-qt-labs-platform_5.15.13+dfsg-1_amd64.deb ...
#8 163.7 Unpacking qml-module-qt-labs-platform:amd64 (5.15.13+dfsg-1) ...
#8 163.8 Selecting previously unselected package qml-module-qt-labs-settings:amd64.
#8 163.8 Preparing to unpack .../390-qml-module-qt-labs-settings_5.15.13+dfsg-1ubuntu0.1_amd64.deb ...
#8 163.8 Unpacking qml-module-qt-labs-settings:amd64 (5.15.13+dfsg-1ubuntu0.1) ...
#8 163.8 Selecting previously unselected package qml-module-qtcharts:amd64.
#8 163.9 Preparing to unpack .../391-qml-module-qtcharts_5.15.13-1_amd64.deb ...
#8 163.9 Unpacking qml-module-qtcharts:amd64 (5.15.13-1) ...
#8 163.9 Selecting previously unselected package qml-module-qtlocation:amd64.
#8 163.9 Preparing to unpack .../392-qml-module-qtlocation_5.15.13+dfsg-1_amd64.deb ...
#8 163.9 Unpacking qml-module-qtlocation:amd64 (5.15.13+dfsg-1) ...
#8 164.0 Selecting previously unselected package qml-module-qtpositioning:amd64.
#8 164.0 Preparing to unpack .../393-qml-module-qtpositioning_5.15.13+dfsg-1_amd64.deb ...
#8 164.0 Unpacking qml-module-qtpositioning:amd64 (5.15.13+dfsg-1) ...
#8 164.1 Selecting previously unselected package qml-module-qtquick-templates2:amd64.
#8 164.1 Preparing to unpack .../394-qml-module-qtquick-templates2_5.15.13+dfsg-1_amd64.deb ...
#8 164.1 Unpacking qml-module-qtquick-templates2:amd64 (5.15.13+dfsg-1) ...
#8 164.2 Selecting previously unselected package qml-module-qtquick-controls2:amd64.
#8 164.2 Preparing to unpack .../395-qml-module-qtquick-controls2_5.15.13+dfsg-1_amd64.deb ...
#8 164.2 Unpacking qml-module-qtquick-controls2:amd64 (5.15.13+dfsg-1) ...
#8 164.3 Selecting previously unselected package qml-module-qtquick-privatewidgets:amd64.
#8 164.4 Preparing to unpack .../396-qml-module-qtquick-privatewidgets_5.15.13-1_amd64.deb ...
#8 164.4 Unpacking qml-module-qtquick-privatewidgets:amd64 (5.15.13-1) ...
#8 164.4 Selecting previously unselected package qml-module-qtquick-dialogs:amd64.
#8 164.4 Preparing to unpack .../397-qml-module-qtquick-dialogs_5.15.13-1_amd64.deb ...
#8 164.5 Unpacking qml-module-qtquick-dialogs:amd64 (5.15.13-1) ...
#8 164.5 Selecting previously unselected package qtquickcontrols2-5-dev:amd64.
#8 164.5 Preparing to unpack .../398-qtquickcontrols2-5-dev_5.15.13+dfsg-1_amd64.deb ...
#8 164.5 Unpacking qtquickcontrols2-5-dev:amd64 (5.15.13+dfsg-1) ...
#8 164.6 Selecting previously unselected package rapidjson-dev.
#8 164.6 Preparing to unpack .../399-rapidjson-dev_1.1.0+dfsg2-7.2_all.deb ...
#8 164.6 Unpacking rapidjson-dev (1.1.0+dfsg2-7.2) ...
#8 164.7 Selecting previously unselected package ros-jazzy-actuator-msgs.
#8 164.7 Preparing to unpack .../400-ros-jazzy-actuator-msgs_0.0.1-4noble.20260412.033807_amd64.deb ...
#8 164.7 Unpacking ros-jazzy-actuator-msgs (0.0.1-4noble.20260412.033807) ...
#8 164.9 Selecting previously unselected package ros-jazzy-behaviortree-cpp.
#8 164.9 Preparing to unpack .../401-ros-jazzy-behaviortree-cpp_4.9.0-1noble.20260412.042652_amd64.deb ...
#8 164.9 Unpacking ros-jazzy-behaviortree-cpp (4.9.0-1noble.20260412.042652) ...
#8 165.0 Selecting previously unselected package ros-jazzy-bond.
#8 165.0 Preparing to unpack .../402-ros-jazzy-bond_4.2.0-1noble.20260412.034243_amd64.deb ...
#8 165.0 Unpacking ros-jazzy-bond (4.2.0-1noble.20260412.034243) ...
#8 165.1 Selecting previously unselected package ros-jazzy-smclib.
#8 165.1 Preparing to unpack .../403-ros-jazzy-smclib_4.2.0-1noble.20260317.155007_amd64.deb ...
#8 165.1 Unpacking ros-jazzy-smclib (4.2.0-1noble.20260317.155007) ...
#8 165.2 Selecting previously unselected package ros-jazzy-bondcpp.
#8 165.2 Preparing to unpack .../404-ros-jazzy-bondcpp_4.2.0-1noble.20260412.051032_amd64.deb ...
#8 165.2 Unpacking ros-jazzy-bondcpp (4.2.0-1noble.20260412.051032) ...
#8 165.2 Selecting previously unselected package libprotobuf-dev:amd64.
#8 165.2 Preparing to unpack .../405-libprotobuf-dev_3.21.12-8.2ubuntu0.3_amd64.deb ...
#8 165.2 Unpacking libprotobuf-dev:amd64 (3.21.12-8.2ubuntu0.3) ...
#8 165.4 Selecting previously unselected package libprotoc-dev:amd64.
#8 165.4 Preparing to unpack .../406-libprotoc-dev_3.21.12-8.2ubuntu0.3_amd64.deb ...
#8 165.4 Unpacking libprotoc-dev:amd64 (3.21.12-8.2ubuntu0.3) ...
#8 165.5 Selecting previously unselected package protobuf-compiler.
#8 165.5 Preparing to unpack .../407-protobuf-compiler_3.21.12-8.2ubuntu0.3_amd64.deb ...
#8 165.6 Unpacking protobuf-compiler (3.21.12-8.2ubuntu0.3) ...
#8 165.6 Selecting previously unselected package ros-jazzy-cartographer.
#8 165.6 Preparing to unpack .../408-ros-jazzy-cartographer_2.0.9004-1noble.20260225.051215_amd64.deb ...
#8 165.6 Unpacking ros-jazzy-cartographer (2.0.9004-1noble.20260225.051215) ...
#8 165.8 Selecting previously unselected package libpcl-dev.
#8 165.8 Preparing to unpack .../409-libpcl-dev_1.14.0+dfsg-1_amd64.deb ...
#8 165.8 Unpacking libpcl-dev (1.14.0+dfsg-1) ...
#8 166.0 Selecting previously unselected package ros-jazzy-cartographer-ros-msgs.
#8 166.0 Preparing to unpack .../410-ros-jazzy-cartographer-ros-msgs_2.0.9003-2noble.20260412.034534_amd64.deb ...
#8 166.0 Unpacking ros-jazzy-cartographer-ros-msgs (2.0.9003-2noble.20260412.034534) ...
#8 166.2 Preparing to unpack .../411-ros-jazzy-sensor-msgs_5.3.7-1noble.20260412.034842_amd64.deb ...
#8 166.2 Unpacking ros-jazzy-sensor-msgs (5.3.7-1noble.20260412.034842) over (5.3.6-1noble.20260126.174323) ...
#8 168.5 Selecting previously unselected package ros-jazzy-pcl-msgs.
#8 168.5 Preparing to unpack .../412-ros-jazzy-pcl-msgs_1.0.0-9noble.20260412.035559_amd64.deb ...
#8 168.5 Unpacking ros-jazzy-pcl-msgs (1.0.0-9noble.20260412.035559) ...
#8 168.6 Selecting previously unselected package ros-jazzy-pcl-conversions.
#8 168.6 Preparing to unpack .../413-ros-jazzy-pcl-conversions_2.6.4-1noble.20260412.045759_amd64.deb ...
#8 168.6 Unpacking ros-jazzy-pcl-conversions (2.6.4-1noble.20260412.045759) ...
#8 168.7 Preparing to unpack .../414-ros-jazzy-rclcpp-action_28.1.18-1noble.20260412.042748_amd64.deb ...
#8 168.7 Unpacking ros-jazzy-rclcpp-action (28.1.18-1noble.20260412.042748) over (28.1.16-1noble.20260126.175649) ...
#8 168.9 Preparing to unpack .../415-ros-jazzy-tf2-ros_0.36.20-1noble.20260412.044056_amd64.deb ...
#8 168.9 Unpacking ros-jazzy-tf2-ros (0.36.20-1noble.20260412.044056) over (0.36.19-1noble.20260126.180125) ...
#8 169.3 Selecting previously unselected package ros-jazzy-cartographer-ros.
#8 169.3 Preparing to unpack .../416-ros-jazzy-cartographer-ros_2.0.9003-2noble.20260412.051806_amd64.deb ...
#8 169.3 Unpacking ros-jazzy-cartographer-ros (2.0.9003-2noble.20260412.051806) ...
#8 169.5 Selecting previously unselected package ros-jazzy-geographic-msgs.
#8 169.5 Preparing to unpack .../417-ros-jazzy-geographic-msgs_1.0.6-2noble.20260412.035916_amd64.deb ...
#8 169.5 Unpacking ros-jazzy-geographic-msgs (1.0.6-2noble.20260412.035916) ...
#8 169.6 Selecting previously unselected package ros-jazzy-nav2-msgs.
#8 169.6 Preparing to unpack .../418-ros-jazzy-nav2-msgs_1.3.11-1noble.20260412.044112_amd64.deb ...
#8 169.7 Unpacking ros-jazzy-nav2-msgs (1.3.11-1noble.20260412.044112) ...
#8 170.0 Selecting previously unselected package ros-jazzy-nav2-common.
#8 170.0 Preparing to unpack .../419-ros-jazzy-nav2-common_1.3.11-1noble.20260412.043444_amd64.deb ...
#8 170.0 Unpacking ros-jazzy-nav2-common (1.3.11-1noble.20260412.043444) ...
#8 170.1 Preparing to unpack .../420-ros-jazzy-tf2-geometry-msgs_0.36.20-1noble.20260412.053505_amd64.deb ...
#8 170.1 Unpacking ros-jazzy-tf2-geometry-msgs (0.36.20-1noble.20260412.053505) over (0.36.19-1noble.20260126.183656) ...
#8 170.3 Selecting previously unselected package ros-jazzy-nav2-util.
#8 170.3 Preparing to unpack .../421-ros-jazzy-nav2-util_1.3.11-1noble.20260412.054222_amd64.deb ...
#8 170.3 Unpacking ros-jazzy-nav2-util (1.3.11-1noble.20260412.054222) ...
#8 170.4 Selecting previously unselected package ros-jazzy-nav2-voxel-grid.
#8 170.4 Preparing to unpack .../422-ros-jazzy-nav2-voxel-grid_1.3.11-1noble.20260412.052741_amd64.deb ...
#8 170.4 Unpacking ros-jazzy-nav2-voxel-grid (1.3.11-1noble.20260412.052741) ...
#8 170.5 Selecting previously unselected package ros-jazzy-nav2-costmap-2d.
#8 170.5 Preparing to unpack .../423-ros-jazzy-nav2-costmap-2d_1.3.11-1noble.20260412.054629_amd64.deb ...
#8 170.5 Unpacking ros-jazzy-nav2-costmap-2d (1.3.11-1noble.20260412.054629) ...
#8 170.6 Selecting previously unselected package ros-jazzy-costmap-queue.
#8 170.6 Preparing to unpack .../424-ros-jazzy-costmap-queue_1.3.11-1noble.20260412.060423_amd64.deb ...
#8 170.6 Unpacking ros-jazzy-costmap-queue (1.3.11-1noble.20260412.060423) ...
#8 170.7 Preparing to unpack .../425-ros-jazzy-cv-bridge_4.1.0-1noble.20260412.042648_amd64.deb ...
#8 170.7 Unpacking ros-jazzy-cv-bridge (4.1.0-1noble.20260412.042648) over (4.1.0-1noble.20260126.175659) ...
#8 171.0 Selecting previously unselected package ros-jazzy-example-interfaces.
#8 171.0 Preparing to unpack .../426-ros-jazzy-example-interfaces_0.12.0-3noble.20260412.032829_amd64.deb ...
#8 171.0 Unpacking ros-jazzy-example-interfaces (0.12.0-3noble.20260412.032829) ...
#8 171.2 Selecting previously unselected package ros-jazzy-demo-nodes-cpp.
#8 171.2 Preparing to unpack .../427-ros-jazzy-demo-nodes-cpp_0.33.10-1noble.20260412.044049_amd64.deb ...
#8 171.2 Unpacking ros-jazzy-demo-nodes-cpp (0.33.10-1noble.20260412.044049) ...
#8 171.3 Selecting previously unselected package ros-jazzy-demo-nodes-py.
#8 171.3 Preparing to unpack .../428-ros-jazzy-demo-nodes-py_0.33.10-1noble.20260412.042524_amd64.deb ...
#8 171.3 Unpacking ros-jazzy-demo-nodes-py (0.33.10-1noble.20260412.042524) ...
#8 171.4 Selecting previously unselected package ros-jazzy-nav-2d-msgs.
#8 171.4 Preparing to unpack .../429-ros-jazzy-nav-2d-msgs_1.3.11-1noble.20260412.035516_amd64.deb ...
#8 171.4 Unpacking ros-jazzy-nav-2d-msgs (1.3.11-1noble.20260412.035516) ...
#8 171.5 Selecting previously unselected package ros-jazzy-dwb-msgs.
#8 171.5 Preparing to unpack .../430-ros-jazzy-dwb-msgs_1.3.11-1noble.20260412.035753_amd64.deb ...
#8 171.5 Unpacking ros-jazzy-dwb-msgs (1.3.11-1noble.20260412.035753) ...
#8 171.6 Selecting previously unselected package ros-jazzy-nav-2d-utils.
#8 171.6 Preparing to unpack .../431-ros-jazzy-nav-2d-utils_1.3.11-1noble.20260412.054939_amd64.deb ...
#8 171.6 Unpacking ros-jazzy-nav-2d-utils (1.3.11-1noble.20260412.054939) ...
#8 171.7 Selecting previously unselected package ros-jazzy-nav2-behavior-tree.
#8 171.7 Preparing to unpack .../432-ros-jazzy-nav2-behavior-tree_1.3.11-1noble.20260412.054654_amd64.deb ...
#8 171.7 Unpacking ros-jazzy-nav2-behavior-tree (1.3.11-1noble.20260412.054654) ...
#8 171.9 Selecting previously unselected package ros-jazzy-nav2-core.
#8 171.9 Preparing to unpack .../433-ros-jazzy-nav2-core_1.3.11-1noble.20260412.061507_amd64.deb ...
#8 171.9 Unpacking ros-jazzy-nav2-core (1.3.11-1noble.20260412.061507) ...
#8 172.0 Selecting previously unselected package ros-jazzy-dwb-core.
#8 172.0 Preparing to unpack .../434-ros-jazzy-dwb-core_1.3.11-1noble.20260412.062205_amd64.deb ...
#8 172.0 Unpacking ros-jazzy-dwb-core (1.3.11-1noble.20260412.062205) ...
#8 172.1 Selecting previously unselected package ros-jazzy-dwb-critics.
#8 172.1 Preparing to unpack .../435-ros-jazzy-dwb-critics_1.3.11-1noble.20260412.063134_amd64.deb ...
#8 172.1 Unpacking ros-jazzy-dwb-critics (1.3.11-1noble.20260412.063134) ...
#8 172.1 Selecting previously unselected package ros-jazzy-dwb-plugins.
#8 172.1 Preparing to unpack .../436-ros-jazzy-dwb-plugins_1.3.11-1noble.20260412.063135_amd64.deb ...
#8 172.1 Unpacking ros-jazzy-dwb-plugins (1.3.11-1noble.20260412.063135) ...
#8 172.2 Selecting previously unselected package ros-jazzy-gps-msgs.
#8 172.2 Preparing to unpack .../437-ros-jazzy-gps-msgs_2.1.2-1noble.20260412.033940_amd64.deb ...
#8 172.2 Unpacking ros-jazzy-gps-msgs (2.1.2-1noble.20260412.033940) ...
#8 172.3 Selecting previously unselected package libfreeimage-dev:amd64.
#8 172.3 Preparing to unpack .../438-libfreeimage-dev_3.18.0+ds2-10build4_amd64.deb ...
#8 172.3 Unpacking libfreeimage-dev:amd64 (3.18.0+ds2-10build4) ...
#8 172.4 Selecting previously unselected package ros-jazzy-gz-common-vendor.
#8 172.4 Preparing to unpack .../439-ros-jazzy-gz-common-vendor_0.0.9-1noble.20260226.000703_amd64.deb ...
#8 172.4 Unpacking ros-jazzy-gz-common-vendor (0.0.9-1noble.20260226.000703) ...
#8 172.6 Selecting previously unselected package libccd-dev:amd64.
#8 172.6 Preparing to unpack .../440-libccd-dev_2.1-2_amd64.deb ...
#8 172.6 Unpacking libccd-dev:amd64 (2.1-2) ...
#8 172.6 Selecting previously unselected package libfcl-dev:amd64.
#8 172.6 Preparing to unpack .../441-libfcl-dev_0.7.0-3build2_amd64.deb ...
#8 172.7 Unpacking libfcl-dev:amd64 (0.7.0-3build2) ...
#8 172.7 Selecting previously unselected package liburdfdom-dev:amd64.
#8 172.7 Preparing to unpack .../442-liburdfdom-dev_4.0.0-0ubuntu1_amd64.deb ...
#8 172.7 Unpacking liburdfdom-dev:amd64 (4.0.0-0ubuntu1) ...
#8 172.9 Selecting previously unselected package ros-jazzy-gz-dartsim-vendor.
#8 172.9 Preparing to unpack .../443-ros-jazzy-gz-dartsim-vendor_0.0.3-1noble.20260225.232143_amd64.deb ...
#8 172.9 Unpacking ros-jazzy-gz-dartsim-vendor (0.0.3-1noble.20260225.232143) ...
#8 173.3 Selecting previously unselected package ros-jazzy-gz-msgs-vendor.
#8 173.3 Preparing to unpack .../444-ros-jazzy-gz-msgs-vendor_0.0.6-1noble.20260225.232943_amd64.deb ...
#8 173.3 Unpacking ros-jazzy-gz-msgs-vendor (0.0.6-1noble.20260225.232943) ...
#8 173.5 Selecting previously unselected package ros-jazzy-gz-fuel-tools-vendor.
#8 173.5 Preparing to unpack .../445-ros-jazzy-gz-fuel-tools-vendor_0.0.6-1noble.20260226.001605_amd64.deb ...
#8 173.5 Unpacking ros-jazzy-gz-fuel-tools-vendor (0.0.6-1noble.20260226.001605) ...
#8 173.6 Selecting previously unselected package ros-jazzy-gz-plugin-vendor.
#8 173.6 Preparing to unpack .../446-ros-jazzy-gz-plugin-vendor_0.0.5-1noble.20260226.000520_amd64.deb ...
#8 173.6 Unpacking ros-jazzy-gz-plugin-vendor (0.0.5-1noble.20260226.000520) ...
#8 173.7 Selecting previously unselected package ros-jazzy-gz-ogre-next-vendor.
#8 173.8 Preparing to unpack .../447-ros-jazzy-gz-ogre-next-vendor_0.0.5-1noble.20260225.232146_amd64.deb ...
#8 173.8 Unpacking ros-jazzy-gz-ogre-next-vendor (0.0.5-1noble.20260225.232146) ...
#8 174.0 Selecting previously unselected package ros-jazzy-gz-rendering-vendor.
#8 174.0 Preparing to unpack .../448-ros-jazzy-gz-rendering-vendor_0.0.7-1noble.20260226.001618_amd64.deb ...
#8 174.0 Unpacking ros-jazzy-gz-rendering-vendor (0.0.7-1noble.20260226.001618) ...
#8 174.3 Selecting previously unselected package ros-jazzy-gz-transport-vendor.
#8 174.3 Preparing to unpack .../449-ros-jazzy-gz-transport-vendor_0.0.7-1noble.20260225.234741_amd64.deb ...
#8 174.3 Unpacking ros-jazzy-gz-transport-vendor (0.0.7-1noble.20260225.234741) ...
#8 174.4 Selecting previously unselected package ros-jazzy-gz-gui-vendor.
#8 174.4 Preparing to unpack .../450-ros-jazzy-gz-gui-vendor_0.0.5-1noble.20260226.010336_amd64.deb ...
#8 174.4 Unpacking ros-jazzy-gz-gui-vendor (0.0.5-1noble.20260226.010336) ...
#8 174.5 Selecting previously unselected package ros-jazzy-gz-physics-vendor.
#8 174.6 Preparing to unpack .../451-ros-jazzy-gz-physics-vendor_0.0.7-1noble.20260226.002542_amd64.deb ...
#8 174.6 Unpacking ros-jazzy-gz-physics-vendor (0.0.7-1noble.20260226.002542) ...
#8 174.7 Selecting previously unselected package ros-jazzy-gz-sensors-vendor.
#8 174.7 Preparing to unpack .../452-ros-jazzy-gz-sensors-vendor_0.0.6-1noble.20260226.005904_amd64.deb ...
#8 174.7 Unpacking ros-jazzy-gz-sensors-vendor (0.0.6-1noble.20260226.005904) ...
#8 174.9 Selecting previously unselected package ros-jazzy-gz-sim-vendor.
#8 174.9 Preparing to unpack .../453-ros-jazzy-gz-sim-vendor_0.0.10-1noble.20260318.175144_amd64.deb ...
#8 174.9 Unpacking ros-jazzy-gz-sim-vendor (0.0.10-1noble.20260318.175144) ...
#8 175.3 Selecting previously unselected package ros-jazzy-laser-filters.
#8 175.4 Preparing to unpack .../454-ros-jazzy-laser-filters_2.0.9-1noble.20260412.053931_amd64.deb ...
#8 175.4 Unpacking ros-jazzy-laser-filters (2.0.9-1noble.20260412.053931) ...
#8 175.5 Selecting previously unselected package ros-jazzy-marine-acoustic-msgs.
#8 175.5 Preparing to unpack .../455-ros-jazzy-marine-acoustic-msgs_2.1.0-2noble.20260412.035442_amd64.deb ...
#8 175.5 Unpacking ros-jazzy-marine-acoustic-msgs (2.1.0-2noble.20260412.035442) ...
#8 175.6 Selecting previously unselected package ros-jazzy-nav2-amcl.
#8 175.6 Preparing to unpack .../456-ros-jazzy-nav2-amcl_1.3.11-1noble.20260412.054619_amd64.deb ...
#8 175.6 Unpacking ros-jazzy-nav2-amcl (1.3.11-1noble.20260412.054619) ...
#8 175.7 Selecting previously unselected package ros-jazzy-nav2-behaviors.
#8 175.7 Preparing to unpack .../457-ros-jazzy-nav2-behaviors_1.3.11-1noble.20260412.062201_amd64.deb ...
#8 175.7 Unpacking ros-jazzy-nav2-behaviors (1.3.11-1noble.20260412.062201) ...
#8 175.8 Selecting previously unselected package ros-jazzy-ros-gz-interfaces.
#8 175.8 Preparing to unpack .../458-ros-jazzy-ros-gz-interfaces_1.0.22-1noble.20260412.034812_amd64.deb ...
#8 175.8 Unpacking ros-jazzy-ros-gz-interfaces (1.0.22-1noble.20260412.034812) ...
#8 176.0 Selecting previously unselected package ros-jazzy-vision-msgs.
#8 176.0 Preparing to unpack .../459-ros-jazzy-vision-msgs_4.1.1-3noble.20260412.035702_amd64.deb ...
#8 176.0 Unpacking ros-jazzy-vision-msgs (4.1.1-3noble.20260412.035702) ...
#8 176.2 Selecting previously unselected package ros-jazzy-ros-gz-bridge.
#8 176.2 Preparing to unpack .../460-ros-jazzy-ros-gz-bridge_1.0.22-1noble.20260412.043437_amd64.deb ...
#8 176.2 Unpacking ros-jazzy-ros-gz-bridge (1.0.22-1noble.20260412.043437) ...
#8 176.3 Selecting previously unselected package ros-jazzy-ros-gz-image.
#8 176.3 Preparing to unpack .../461-ros-jazzy-ros-gz-image_1.0.22-1noble.20260412.051928_amd64.deb ...
#8 176.3 Unpacking ros-jazzy-ros-gz-image (1.0.22-1noble.20260412.051928) ...
#8 176.4 Selecting previously unselected package ros-jazzy-simulation-interfaces.
#8 176.4 Preparing to unpack .../462-ros-jazzy-simulation-interfaces_1.5.0-1noble.20260412.034853_amd64.deb ...
#8 176.4 Unpacking ros-jazzy-simulation-interfaces (1.5.0-1noble.20260412.034853) ...
#8 176.7 Selecting previously unselected package ros-jazzy-ros-gz-sim.
#8 176.7 Preparing to unpack .../463-ros-jazzy-ros-gz-sim_1.0.22-1noble.20260412.044601_amd64.deb ...
#8 176.7 Unpacking ros-jazzy-ros-gz-sim (1.0.22-1noble.20260412.044601) ...
#8 176.8 Selecting previously unselected package ros-jazzy-nav2-minimal-tb3-sim.
#8 176.8 Preparing to unpack .../464-ros-jazzy-nav2-minimal-tb3-sim_1.0.1-1noble.20260412.052302_amd64.deb ...
#8 176.8 Unpacking ros-jazzy-nav2-minimal-tb3-sim (1.0.1-1noble.20260412.052302) ...
#8 176.8 Selecting previously unselected package ros-jazzy-nav2-minimal-tb4-description.
#8 176.8 Preparing to unpack .../465-ros-jazzy-nav2-minimal-tb4-description_1.0.1-1noble.20260412.045340_amd64.deb ...
#8 176.9 Unpacking ros-jazzy-nav2-minimal-tb4-description (1.0.1-1noble.20260412.045340) ...
#8 177.0 Selecting previously unselected package ros-jazzy-nav2-minimal-tb4-sim.
#8 177.0 Preparing to unpack .../466-ros-jazzy-nav2-minimal-tb4-sim_1.0.1-1noble.20260412.052305_amd64.deb ...
#8 177.0 Unpacking ros-jazzy-nav2-minimal-tb4-sim (1.0.1-1noble.20260412.052305) ...
#8 177.1 Selecting previously unselected package ros-jazzy-nav2-bt-navigator.
#8 177.1 Preparing to unpack .../467-ros-jazzy-nav2-bt-navigator_1.3.11-1noble.20260412.062202_amd64.deb ...
#8 177.1 Unpacking ros-jazzy-nav2-bt-navigator (1.3.11-1noble.20260412.062202) ...
#8 177.2 Selecting previously unselected package ros-jazzy-nav2-collision-monitor.
#8 177.2 Preparing to unpack .../468-ros-jazzy-nav2-collision-monitor_1.3.11-1noble.20260412.060219_amd64.deb ...
#8 177.2 Unpacking ros-jazzy-nav2-collision-monitor (1.3.11-1noble.20260412.060219) ...
#8 177.3 Selecting previously unselected package ros-jazzy-nav2-constrained-smoother.
#8 177.3 Preparing to unpack .../469-ros-jazzy-nav2-constrained-smoother_1.3.11-1noble.20260412.062205_amd64.deb ...
#8 177.3 Unpacking ros-jazzy-nav2-constrained-smoother (1.3.11-1noble.20260412.062205) ...
#8 177.4 Selecting previously unselected package ros-jazzy-nav2-controller.
#8 177.4 Preparing to unpack .../470-ros-jazzy-nav2-controller_1.3.11-1noble.20260412.062208_amd64.deb ...
#8 177.4 Unpacking ros-jazzy-nav2-controller (1.3.11-1noble.20260412.062208) ...
#8 177.5 Selecting previously unselected package ros-jazzy-nav2-dwb-controller.
#8 177.5 Preparing to unpack .../471-ros-jazzy-nav2-dwb-controller_1.3.11-1noble.20260412.065547_amd64.deb ...
#8 177.5 Unpacking ros-jazzy-nav2-dwb-controller (1.3.11-1noble.20260412.065547) ...
#8 177.6 Selecting previously unselected package ros-jazzy-nav2-graceful-controller.
#8 177.6 Preparing to unpack .../472-ros-jazzy-nav2-graceful-controller_1.3.11-1noble.20260412.062210_amd64.deb ...
#8 177.6 Unpacking ros-jazzy-nav2-graceful-controller (1.3.11-1noble.20260412.062210) ...
#8 177.7 Selecting previously unselected package ros-jazzy-nav2-lifecycle-manager.
#8 177.7 Preparing to unpack .../473-ros-jazzy-nav2-lifecycle-manager_1.3.11-1noble.20260412.054912_amd64.deb ...
#8 177.7 Unpacking ros-jazzy-nav2-lifecycle-manager (1.3.11-1noble.20260412.054912) ...
#8 177.8 Selecting previously unselected package graphicsmagick-libmagick-dev-compat.
#8 177.8 Preparing to unpack .../474-graphicsmagick-libmagick-dev-compat_1.4+really1.3.42-1.1build3_all.deb ...
#8 177.8 Unpacking graphicsmagick-libmagick-dev-compat (1.4+really1.3.42-1.1build3) ...
#8 177.9 Selecting previously unselected package ros-jazzy-nav2-map-server.
#8 177.9 Preparing to unpack .../475-ros-jazzy-nav2-map-server_1.3.11-1noble.20260412.054646_amd64.deb ...
#8 177.9 Unpacking ros-jazzy-nav2-map-server (1.3.11-1noble.20260412.054646) ...
#8 178.0 Selecting previously unselected package libomp-dev:amd64.
#8 178.0 Preparing to unpack .../476-libomp-dev_1%3a18.0-59~exp2_amd64.deb ...
#8 178.0 Unpacking libomp-dev:amd64 (1:18.0-59~exp2) ...
#8 178.0 Selecting previously unselected package ros-jazzy-nav2-mppi-controller.
#8 178.1 Preparing to unpack .../477-ros-jazzy-nav2-mppi-controller_1.3.11-1noble.20260412.062211_amd64.deb ...
#8 178.1 Unpacking ros-jazzy-nav2-mppi-controller (1.3.11-1noble.20260412.062211) ...
#8 178.2 Selecting previously unselected package ros-jazzy-nav2-navfn-planner.
#8 178.2 Preparing to unpack .../478-ros-jazzy-nav2-navfn-planner_1.3.11-1noble.20260412.062212_amd64.deb ...
#8 178.2 Unpacking ros-jazzy-nav2-navfn-planner (1.3.11-1noble.20260412.062212) ...
#8 178.3 Selecting previously unselected package ros-jazzy-nav2-planner.
#8 178.3 Preparing to unpack .../479-ros-jazzy-nav2-planner_1.3.11-1noble.20260412.062215_amd64.deb ...
#8 178.3 Unpacking ros-jazzy-nav2-planner (1.3.11-1noble.20260412.062215) ...
#8 178.3 Selecting previously unselected package ros-jazzy-nav2-regulated-pure-pursuit-controller.
#8 178.4 Preparing to unpack .../480-ros-jazzy-nav2-regulated-pure-pursuit-controller_1.3.11-1noble.20260412.062217_amd64.deb ...
#8 178.4 Unpacking ros-jazzy-nav2-regulated-pure-pursuit-controller (1.3.11-1noble.20260412.062217) ...
#8 178.4 Selecting previously unselected package ros-jazzy-nav2-rotation-shim-controller.
#8 178.4 Preparing to unpack .../481-ros-jazzy-nav2-rotation-shim-controller_1.3.11-1noble.20260412.063202_amd64.deb ...
#8 178.4 Unpacking ros-jazzy-nav2-rotation-shim-controller (1.3.11-1noble.20260412.063202) ...
#8 178.5 Selecting previously unselected package ros-jazzy-nav2-route.
#8 178.5 Preparing to unpack .../482-ros-jazzy-nav2-route_1.3.11-1noble.20260412.062220_amd64.deb ...
#8 178.5 Unpacking ros-jazzy-nav2-route (1.3.11-1noble.20260412.062220) ...
#8 178.6 Selecting previously unselected package ros-jazzy-nav2-rviz-plugins.
#8 178.6 Preparing to unpack .../483-ros-jazzy-nav2-rviz-plugins_1.3.11-1noble.20260412.063246_amd64.deb ...
#8 178.6 Unpacking ros-jazzy-nav2-rviz-plugins (1.3.11-1noble.20260412.063246) ...
#8 178.7 Selecting previously unselected package ros-jazzy-nav2-simple-commander.
#8 178.7 Preparing to unpack .../484-ros-jazzy-nav2-simple-commander_1.3.11-1noble.20260412.045449_amd64.deb ...
#8 178.7 Unpacking ros-jazzy-nav2-simple-commander (1.3.11-1noble.20260412.045449) ...
#8 178.8 Selecting previously unselected package ros-jazzy-ompl.
#8 178.8 Preparing to unpack .../485-ros-jazzy-ompl_1.7.0-2noble.20260225.055751_amd64.deb ...
#8 178.8 Unpacking ros-jazzy-ompl (1.7.0-2noble.20260225.055751) ...
#8 179.0 Selecting previously unselected package ros-jazzy-nav2-smac-planner.
#8 179.0 Preparing to unpack .../486-ros-jazzy-nav2-smac-planner_1.3.11-1noble.20260412.062222_amd64.deb ...
#8 179.1 Unpacking ros-jazzy-nav2-smac-planner (1.3.11-1noble.20260412.062222) ...
#8 179.1 Selecting previously unselected package ros-jazzy-nav2-smoother.
#8 179.1 Preparing to unpack .../487-ros-jazzy-nav2-smoother_1.3.11-1noble.20260412.062225_amd64.deb ...
#8 179.1 Unpacking ros-jazzy-nav2-smoother (1.3.11-1noble.20260412.062225) ...
#8 179.2 Selecting previously unselected package ros-jazzy-nav2-theta-star-planner.
#8 179.2 Preparing to unpack .../488-ros-jazzy-nav2-theta-star-planner_1.3.11-1noble.20260412.062223_amd64.deb ...
#8 179.2 Unpacking ros-jazzy-nav2-theta-star-planner (1.3.11-1noble.20260412.062223) ...
#8 179.3 Selecting previously unselected package ros-jazzy-nav2-velocity-smoother.
#8 179.3 Preparing to unpack .../489-ros-jazzy-nav2-velocity-smoother_1.3.11-1noble.20260412.073111_amd64.deb ...
#8 179.3 Unpacking ros-jazzy-nav2-velocity-smoother (1.3.11-1noble.20260412.073111) ...
#8 179.4 Selecting previously unselected package ros-jazzy-robot-localization.
#8 179.4 Preparing to unpack .../490-ros-jazzy-robot-localization_3.8.3-1noble.20260412.054254_amd64.deb ...
#8 179.4 Unpacking ros-jazzy-robot-localization (3.8.3-1noble.20260412.054254) ...
#8 179.5 Selecting previously unselected package ros-jazzy-nav2-waypoint-follower.
#8 179.5 Preparing to unpack .../491-ros-jazzy-nav2-waypoint-follower_1.3.11-1noble.20260412.062235_amd64.deb ...
#8 179.5 Unpacking ros-jazzy-nav2-waypoint-follower (1.3.11-1noble.20260412.062235) ...
#8 179.6 Selecting previously unselected package ros-jazzy-opennav-docking-core.
#8 179.7 Preparing to unpack .../492-ros-jazzy-opennav-docking-core_1.3.11-1noble.20260412.060417_amd64.deb ...
#8 179.7 Unpacking ros-jazzy-opennav-docking-core (1.3.11-1noble.20260412.060417) ...
#8 179.7 Selecting previously unselected package ros-jazzy-opennav-docking.
#8 179.7 Preparing to unpack .../493-ros-jazzy-opennav-docking_1.3.11-1noble.20260412.063140_amd64.deb ...
#8 179.7 Unpacking ros-jazzy-opennav-docking (1.3.11-1noble.20260412.063140) ...
#8 179.8 Selecting previously unselected package ros-jazzy-opennav-docking-bt.
#8 179.8 Preparing to unpack .../494-ros-jazzy-opennav-docking-bt_1.3.11-1noble.20260412.063003_amd64.deb ...
#8 179.8 Unpacking ros-jazzy-opennav-docking-bt (1.3.11-1noble.20260412.063003) ...
#8 179.9 Selecting previously unselected package ros-jazzy-navigation2.
#8 179.9 Preparing to unpack .../495-ros-jazzy-navigation2_1.3.11-1noble.20260412.073445_amd64.deb ...
#8 179.9 Unpacking ros-jazzy-navigation2 (1.3.11-1noble.20260412.073445) ...
#8 180.0 Selecting previously unselected package ros-jazzy-slam-toolbox.
#8 180.0 Preparing to unpack .../496-ros-jazzy-slam-toolbox_2.8.4-1noble.20260412.063203_amd64.deb ...
#8 180.0 Unpacking ros-jazzy-slam-toolbox (2.8.4-1noble.20260412.063203) ...
#8 180.2 Selecting previously unselected package ros-jazzy-nav2-bringup.
#8 180.3 Preparing to unpack .../497-ros-jazzy-nav2-bringup_1.3.11-1noble.20260412.073537_amd64.deb ...
#8 180.3 Unpacking ros-jazzy-nav2-bringup (1.3.11-1noble.20260412.073537) ...
#8 180.4 Setting up libprotobuf-lite32t64:amd64 (3.21.12-8.2ubuntu0.3) ...
#8 180.4 Setting up libavc1394-0:amd64 (0.5.4-5build3) ...
#8 180.4 Setting up libqt5quickshapes5:amd64 (5.15.13+dfsg-1ubuntu0.1) ...
#8 180.4 Setting up tk8.6 (8.6.14-1build1) ...
#8 180.4 Setting up liblcms2-2:amd64 (2.14-2ubuntu0.1) ...
#8 180.5 Setting up libglib2.0-dev-bin (2.80.0-6ubuntu3.8) ...
#8 180.7 Setting up mesa-vdpau-drivers:amd64 (25.2.8-0ubuntu0.24.04.2) ...
#8 180.7 Setting up libblkid-dev:amd64 (2.39.3-9ubuntu6.5) ...
#8 180.8 Setting up librttopo-dev:amd64 (1.1.0-3build2) ...
#8 180.8 Setting up libjsoncpp-dev:amd64 (1.9.5-6build1) ...
#8 180.8 Setting up libx11-xcb-dev:amd64 (2:1.8.7-1build1) ...
#8 180.8 Setting up libmysqlclient21:amd64 (8.0.46-0ubuntu0.24.04.2) ...
#8 180.8 Setting up libqt5quicktest5:amd64 (5.15.13+dfsg-1ubuntu0.1) ...
#8 180.8 Setting up tcl8.6 (8.6.14+dfsg-1build1) ...
#8 180.9 Setting up ros-jazzy-actuator-msgs (0.0.1-4noble.20260412.033807) ...
#8 180.9 Setting up libkmlxsd1t64:amd64 (1.3.0-12build1) ...
#8 180.9 Setting up libpixman-1-dev:amd64 (0.42.2-1build1) ...
#8 180.9 Setting up ros-jazzy-nav2-voxel-grid (1.3.11-1noble.20260412.052741) ...
#8 180.9 Setting up libcfitsio-dev:amd64 (4.3.1-1.1build2) ...
#8 181.0 Setting up libpciaccess-dev:amd64 (0.17-3ubuntu0.24.04.2) ...
#8 181.0 Setting up libcli11-dev (2.4.1+ds-1) ...
#8 181.0 Setting up ros-jazzy-geographic-msgs (1.0.6-2noble.20260412.035916) ...
#8 181.0 Setting up libpcre16-3:amd64 (2:8.39-15build1) ...
#8 181.0 Setting up hdf5-helpers (1.10.10+repack-3.1ubuntu4) ...
#8 181.0 Setting up libllvm15t64:amd64 (1:15.0.7-14build3) ...
#8 181.1 Setting up libwmflite-0.2-7:amd64 (0.2.13-1.1build3) ...
#8 181.1 Setting up ros-jazzy-rclcpp-action (28.1.18-1noble.20260412.042748) ...
#8 181.1 Setting up libbenchmark1.8.3:amd64 (1.8.3-3) ...
#8 181.1 Setting up java-common (0.75+exp1) ...
#8 181.1 Setting up libwoff1:amd64 (1.0.2-2build1) ...
#8 181.2 Setting up spirv-headers (1.6.1+1.4.309.0-1~ubuntu0.24.04.2) ...
#8 181.2 Setting up libhyphen0:amd64 (2.8.8-7build3) ...
#8 181.2 Setting up libqhull8.0:amd64 (2020.2-6build1) ...
#8 181.2 Setting up libgirepository-2.0-0:amd64 (2.80.0-6ubuntu3.8) ...
#8 181.2 Setting up qml-module-qtqml:amd64 (5.15.13+dfsg-1ubuntu0.1) ...
#8 181.2 Setting up libblosc-dev:amd64 (1.21.5+ds-1build1) ...
#8 181.3 Setting up libfontconfig-dev:amd64 (2.15.0-1.1ubuntu2) ...
#8 181.3 Setting up libzix-0-0:amd64 (0.4.2-2build1) ...
#8 181.3 Setting up qtdeclarative5-dev-tools (5.15.13+dfsg-1ubuntu0.1) ...
#8 181.3 Setting up libjson-c-dev:amd64 (0.17-1build1) ...
#8 181.3 Setting up libfyba-dev:amd64 (4.1.1-11build1) ...
#8 181.4 Setting up tcl8.6-dev:amd64 (8.6.14+dfsg-1build1) ...
#8 181.4 Setting up libxxf86vm-dev:amd64 (1:1.1.4-1build4) ...
#8 181.4 Setting up libxkbcommon-dev:amd64 (1.6.0-1build1) ...
#8 181.4 Setting up libqt5positioning5:amd64 (5.15.13+dfsg-1) ...
#8 181.4 Setting up ros-jazzy-gz-plugin-vendor (0.0.5-1noble.20260226.000520) ...
#8 181.4 Setting up libhdf5-cpp-103-1t64:amd64 (1.10.10+repack-3.1ubuntu4) ...
#8 181.5 Setting up libbenchmark-dev:amd64 (1.8.3-3) ...
#8 181.5 Setting up libibus-1.0-5:amd64 (1.5.29-2) ...
#8 181.5 Setting up libmysofa1:amd64 (1.3.2+dfsg-2ubuntu2) ...
#8 181.5 Setting up libaec-dev:amd64 (1.1.2-1build1) ...
#8 181.5 Setting up ros-jazzy-tf2-ros (0.36.20-1noble.20260412.044056) ...
#8 181.6 Setting up ros-jazzy-nav2-common (1.3.11-1noble.20260412.043444) ...
#8 181.6 Setting up libomp5-18:amd64 (1:18.1.3-1ubuntu1) ...
#8 181.6 Setting up libcxsparse4:amd64 (1:7.6.1+dfsg-1build1) ...
#8 181.6 Setting up libcdio19t64:amd64 (2.1.0-4.1ubuntu1.2) ...
#8 181.6 Setting up libpq5:amd64 (16.14-0ubuntu0.24.04.1) ...
#8 181.6 Setting up qhelpgenerator-qt5 (5.15.13-1) ...
#8 181.7 Setting up qml-module-qtquick-window2:amd64 (5.15.13+dfsg-1ubuntu0.1) ...
#8 181.7 Setting up libhdf5-fortran-102t64:amd64 (1.10.10+repack-3.1ubuntu4) ...
#8 181.7 Setting up liblzo2-2:amd64 (2.10-2build4) ...
#8 181.7 Setting up libpq-dev (16.14-0ubuntu0.24.04.1) ...
#8 181.7 Setting up systemd-dev (255.4-1ubuntu8.16) ...
#8 181.7 Setting up ros-jazzy-tf2-geometry-msgs (0.36.20-1noble.20260412.053505) ...
#8 181.8 Setting up libqt5serialport5:amd64 (5.15.13-1) ...
#8 181.8 Setting up ros-jazzy-nav2-msgs (1.3.11-1noble.20260412.044112) ...
#8 181.8 Setting up libldl3:amd64 (1:7.6.1+dfsg-1build1) ...
#8 181.8 Setting up ros-jazzy-smclib (4.2.0-1noble.20260317.155007) ...
#8 181.8 Setting up libqt5designercomponents5:amd64 (5.15.13-1) ...
#8 181.9 Setting up libreadline-dev:amd64 (8.2-4build1) ...
#8 181.9 Setting up python3-mpi4py (3.1.5-5ubuntu2) ...
#8 182.1 Setting up libgl2ps-dev (1.4.2+dfsg1-2build1) ...
#8 182.1 Setting up libxss-dev:amd64 (1:1.2.3-1build3) ...
#8 182.1 Setting up fonts-open-sans (1.11-2) ...
#8 182.1 Setting up libccd2:amd64 (2.1-2) ...
#8 182.2 Setting up libffi-dev:amd64 (3.4.6-1build1) ...
#8 182.2 Setting up libqt5charts5:amd64 (5.15.13-1) ...
#8 182.2 Setting up qml-module-qtquick-layouts:amd64 (5.15.13+dfsg-1ubuntu0.1) ...
#8 182.2 Setting up liburdfdom-model4.0:amd64 (4.0.0-0ubuntu1) ...
#8 182.2 Setting up libode8t64 (2:0.16.2-1.1build1) ...
#8 182.2 Setting up libhdf5-openmpi-103-1t64:amd64 (1.10.10+repack-3.1ubuntu4) ...
#8 182.3 Setting up rapidjson-dev (1.1.0+dfsg2-7.2) ...
#8 182.3 Setting up qml-module-qt-labs-folderlistmodel:amd64 (5.15.13+dfsg-1ubuntu0.1) ...
#8 182.3 Setting up qt5-qmltooling-plugins:amd64 (5.15.13+dfsg-1ubuntu0.1) ...
#8 182.3 Setting up libcdio-cdda2t64:amd64 (10.2+2.0.1-1.1build2) ...
#8 182.4 Setting up libqt5qmlworkerscript5:amd64 (5.15.13+dfsg-1ubuntu0.1) ...
#8 182.4 Setting up liburiparser-dev (0.9.7+dfsg-2build1) ...
#8 182.4 Setting up libaom-dev:amd64 (3.8.2-2ubuntu0.1) ...
#8 182.4 Setting up qml-module-qt-labs-settings:amd64 (5.15.13+dfsg-1ubuntu0.1) ...
#8 182.4 Setting up libqt5quickwidgets5:amd64 (5.15.13+dfsg-1ubuntu0.1) ...
#8 182.4 Setting up libprotobuf-dev:amd64 (3.21.12-8.2ubuntu0.3) ...
#8 182.5 Setting up libxfixes-dev:amd64 (1:6.0.0-2build1) ...
#8 182.5 Setting up libasound2-data (1.2.11-1ubuntu0.2) ...
#8 182.5 Setting up libminizip-dev:amd64 (1:1.3.dfsg-3.1ubuntu2.1) ...
#8 182.5 Setting up libbtf2:amd64 (1:7.6.1+dfsg-1build1) ...
#8 182.5 Setting up libxcb-shm0-dev:amd64 (1.15-1ubuntu2) ...
#8 182.5 Setting up libpcre3:amd64 (2:8.39-15build1) ...
#8 182.6 Setting up libwayland-bin (1.22.0-2.1build1) ...
#8 182.6 Setting up ros-jazzy-sensor-msgs (5.3.7-1noble.20260412.034842) ...
#8 182.6 Setting up libxml2-dev:amd64 (2.9.14+dfsg-1.3ubuntu3.7) ...
#8 182.6 Setting up libpcre2-32-0:amd64 (10.42-4ubuntu2.1) ...
#8 182.7 Setting up libglib2.0-data (2.80.0-6ubuntu3.8) ...
#8 182.7 Setting up libtirpc-dev:amd64 (1.3.4+ds-1.1build1) ...
#8 182.7 Setting up libutfcpp-dev (3.2.5+really3.2.4-1) ...
#8 182.7 Setting up libplacebo338:amd64 (6.338.2-2build1) ...
#8 182.7 Setting up libasound2t64:amd64 (1.2.11-1ubuntu0.2) ...
#8 182.8 Setting up liburdfdom-model-state4.0:amd64 (4.0.0-0ubuntu1) ...
#8 182.8 Setting up spirv-tools (2025.1~rc1-1~ubuntu0.24.04.2) ...
#8 182.8 Setting up libjxr0t64:amd64 (1.2~git20170615.f752187-5.1ubuntu2) ...
#8 182.8 Setting up qml-module-qtcharts:amd64 (5.15.13-1) ...
#8 182.8 Setting up libslang2:amd64 (2.3.3-3build2) ...
#8 182.8 Setting up libzzip-0-13t64:amd64 (0.13.72+dfsg.1-1.2build1) ...
#8 182.9 Setting up libgeographiclib26:amd64 (2.3-1build1) ...
#8 182.9 Setting up libwmf-0.2-7:amd64 (0.2.13-1.1build3) ...
#8 182.9 Setting up ros-jazzy-gps-msgs (2.1.2-1noble.20260412.033940) ...
#8 182.9 Setting up libpcl-common1.14:amd64 (1.14.0+dfsg-1) ...
#8 182.9 Setting up ros-jazzy-nav2-simple-commander (1.3.11-1noble.20260412.045449) ...
#8 183.0 Setting up libpcl-people1.14:amd64 (1.14.0+dfsg-1) ...
#8 183.0 Setting up libdbus-1-dev:amd64 (1.14.10-4ubuntu4.1) ...
#8 183.2 Setting up libde265-dev:amd64 (1.0.15-1build3) ...
#8 183.2 Setting up libxerces-c-dev:amd64 (3.2.4+debian-1.2ubuntu2) ...
#8 183.3 Setting up libgssrpc4t64:amd64 (1.20.1-6ubuntu2.6) ...
#8 183.3 Setting up libpgm-dev:amd64 (5.3.128~dfsg-2.1build1) ...
#8 183.3 Setting up libglut3.12:amd64 (3.4.0-1build1) ...
#8 183.3 Setting up libgeos-dev (3.12.1-3build1) ...
#8 183.3 Setting up libdav1d-dev:amd64 (1.4.1-1build1) ...
#8 183.4 Setting up libshaderc1:amd64 (2023.8-1build1) ...
#8 183.4 Setting up libx265-dev:amd64 (3.5-2build1) ...
#8 183.4 Setting up comerr-dev:amd64 (2.1-1.47.0-2.4~exp1ubuntu4.1) ...
#8 183.4 Setting up libcdio-paranoia2t64:amd64 (10.2+2.0.1-1.1build2) ...
#8 183.4 Setting up qtattributionsscanner-qt5 (5.15.13-1) ...
#8 183.4 Setting up libxv1:amd64 (2:1.0.11-1.1build1) ...
#8 183.5 Setting up liburdfdom-world4.0:amd64 (4.0.0-0ubuntu1) ...
#8 183.5 Setting up libproj-dev:amd64 (9.4.0-1build2) ...
#8 183.5 Setting up libpcre32-3:amd64 (2:8.39-15build1) ...
#8 183.5 Setting up ros-jazzy-marine-acoustic-msgs (2.1.0-2noble.20260412.035442) ...
#8 183.5 Setting up libflann1.9:amd64 (1.9.2+dfsg-2build1) ...
#8 183.6 Setting up libsystemd-shared:amd64 (255.4-1ubuntu8.16) ...
#8 183.6 Setting up ros-jazzy-vision-msgs (4.1.1-3noble.20260412.035702) ...
#8 183.6 Setting up ros-jazzy-cartographer-ros-msgs (2.0.9003-2noble.20260412.034534) ...
#8 183.6 Setting up libunibreak5:amd64 (5.1-2build1) ...
#8 183.6 Setting up libudev-dev:amd64 (255.4-1ubuntu8.16) ...
#8 183.6 Setting up xtl-dev (0.7.5-3) ...
#8 183.7 Setting up libqhullcpp8.0:amd64 (2020.2-6build1) ...
#8 183.7 Setting up libxinerama-dev:amd64 (2:1.1.4-3build1) ...
#8 183.7 Setting up libvtk9.1t64-qt:amd64 (9.1.0+really9.1.0+dfsg2-7.1build3) ...
#8 183.7 Setting up libsepol-dev:amd64 (3.5-2build1) ...
#8 183.7 Setting up libqt5webchannel5:amd64 (5.15.13-1) ...
#8 183.8 Setting up libpcsclite1:amd64 (2.0.3-1build1) ...
#8 183.8 Setting up libxcb-render0-dev:amd64 (1.15-1ubuntu2) ...
#8 183.8 Setting up libclang1-15t64 (1:15.0.7-14build3) ...
#8 183.8 Setting up libsodium-dev:amd64 (1.0.18-1ubuntu0.24.04.1) ...
#8 183.8 Setting up libtinyxml2.6.2v5:amd64 (2.6.2-6.1) ...
#8 183.8 Setting up libvtk9-java (9.1.0+really9.1.0+dfsg2-7.1build3) ...
#8 183.9 Setting up libpcl-ml1.14:amd64 (1.14.0+dfsg-1) ...
#8 183.9 Setting up libfftw3-double3:amd64 (3.3.10-1ubuntu3) ...
#8 183.9 Setting up libqhull-dev:amd64 (2020.2-6build1) ...
#8 183.9 Setting up vtk9 (9.1.0+really9.1.0+dfsg2-7.1build3) ...
#8 183.9 Setting up libdouble-conversion-dev:amd64 (3.3.0-1build1) ...
#8 183.9 Setting up libraw23t64:amd64 (0.21.2-2.1ubuntu0.24.04.1) ...
#8 184.0 Setting up libnanoflann-dev (1.5.4+ds-1) ...
#8 184.0 Setting up liblcms2-dev:amd64 (2.14-2ubuntu0.1) ...
#8 184.0 Setting up libsndio7.0:amd64 (1.9.0-0.3build3) ...
#8 184.0 Setting up libhwy-dev:amd64 (1.0.7-8.1build1) ...
#8 184.0 Setting up libvidstab1.1:amd64 (1.1.0-2build1) ...
#8 184.1 Setting up libflite1:amd64 (2.2-6build3) ...
#8 184.1 Setting up glslc (2023.8-1build1) ...
#8 184.1 Setting up liblua5.2-0:amd64 (5.2.4-3build2) ...
#8 184.1 Setting up libzzip-dev (0.13.72+dfsg.1-1.2build1) ...
#8 184.2 Setting up libgif-dev:amd64 (5.2.2-1ubuntu1) ...
#8 184.2 Setting up libasyncns0:amd64 (0.8-6build4) ...
#8 184.2 Setting up libhdf5-openmpi-fortran-102t64:amd64 (1.10.10+repack-3.1ubuntu4) ...
#8 184.2 Setting up ros-jazzy-bond (4.2.0-1noble.20260412.034243) ...
#8 184.2 Setting up libbs2b0:amd64 (3.1.0+dfsg-7build1) ...
#8 184.3 Setting up ros-jazzy-simulation-interfaces (1.5.0-1noble.20260412.034853) ...
#8 184.3 Setting up libpostproc57:amd64 (7:6.1.1-3ubuntu5) ...
#8 184.3 Setting up qml-module-qtqml-models2:amd64 (5.15.13+dfsg-1ubuntu0.1) ...
#8 184.3 Setting up tcl (8.6.14build1) ...
#8 184.3 Setting up ros-jazzy-nav2-minimal-tb4-description (1.0.1-1noble.20260412.045340) ...
#8 184.3 Setting up ros-jazzy-bondcpp (4.2.0-1noble.20260412.051032) ...
#8 184.4 Setting up libmd-dev:amd64 (1.1.0-2build1.1) ...
#8 184.4 Setting up liburdfdom-sensor4.0:amd64 (4.0.0-0ubuntu1) ...
#8 184.4 Setting up libhdf5-openmpi-cpp-103-1t64:amd64 (1.10.10+repack-3.1ubuntu4) ...
#8 184.4 Setting up libgl1-mesa-dev:amd64 (25.2.8-0ubuntu0.24.04.2) ...
#8 184.4 Setting up ros-jazzy-laser-filters (2.0.9-1noble.20260412.053931) ...
#8 184.4 Setting up libdecor-0-0:amd64 (0.2.2-1build2) ...
#8 184.5 Setting up libzimg2:amd64 (3.0.5+ds1-1build1) ...
#8 184.5 Setting up libsuitesparseconfig7:amd64 (1:7.6.1+dfsg-1build1) ...
#8 184.5 Setting up libopenjp2-7:amd64 (2.5.0-2ubuntu0.5) ...
#8 184.5 Setting up libpcap0.8t64:amd64 (1.10.4-4.1ubuntu3) ...
#8 184.5 Setting up libopenal-data (1:1.23.1-4build1) ...
#8 184.6 Setting up libqt5quicktemplates2-5:amd64 (5.15.13+dfsg-1) ...
#8 184.6 Setting up libqt5positioning5-plugins:amd64 (5.15.13+dfsg-1) ...
#8 184.6 Setting up libabsl20220623t64:amd64 (20220623.1-3.1ubuntu3.2) ...
#8 184.6 Setting up libflac12t64:amd64 (1.4.3+ds-2.1ubuntu2) ...
#8 184.6 Setting up libsndfile1:amd64 (1.2.2-1ubuntu5.24.04.1) ...
#8 184.6 Setting up libkmlconvenience1t64:amd64 (1.3.0-12build1) ...
#8 184.7 Setting up libqt5quickparticles5:amd64 (5.15.13+dfsg-1ubuntu0.1) ...
#8 184.7 Setting up ca-certificates-java (20240118) ...
#8 184.7 No JRE found. Skipping Java certificates setup.
#8 184.7 Setting up ros-jazzy-nav-2d-msgs (1.3.11-1noble.20260412.035516) ...
#8 184.7 Setting up libprotoc32t64:amd64 (3.21.12-8.2ubuntu0.3) ...
#8 184.7 Setting up libqt5sensors5:amd64 (5.15.13-1) ...
#8 184.8 Setting up python3-protobuf (3.21.12-8.2ubuntu0.3) ...
#8 185.1 Setting up libxi-dev:amd64 (2:1.8.1-1build1) ...
#8 185.1 Setting up libpcl-kdtree1.14:amd64 (1.14.0+dfsg-1) ...
#8 185.1 Setting up libasound2-dev:amd64 (1.2.11-1ubuntu0.2) ...
#8 185.2 Setting up libhdf5-hl-cpp-100t64:amd64 (1.10.10+repack-3.1ubuntu4) ...
#8 185.2 Setting up ros-jazzy-ros-gz-interfaces (1.0.22-1noble.20260412.034812) ...
#8 185.2 Setting up libsamplerate0:amd64 (0.2.2-4build1) ...
#8 185.2 Setting up tk (8.6.14build1) ...
#8 185.2 Setting up libzip4t64:amd64 (1.7.3-1.1ubuntu2) ...
#8 185.3 Setting up qml-module-qtquick2:amd64 (5.15.13+dfsg-1ubuntu0.1) ...
#8 185.3 Setting up libccd-dev:amd64 (2.1-2) ...
#8 185.3 Setting up gir1.2-ibus-1.0:amd64 (1.5.29-2) ...
#8 185.3 Setting up libdrm-common (2.4.125-1ubuntu0.1~24.04.2) ...
#8 185.4 Setting up libglut-dev:amd64 (3.4.0-1build1) ...
#8 185.4 Setting up libogdi-dev (4.1.1+ds-3build1) ...
#8 185.4 Setting up libbsd-dev:amd64 (0.12.1-1build1.1) ...
#8 185.4 Setting up ros-jazzy-cv-bridge (4.1.0-1noble.20260412.042648) ...
#8 185.4 Setting up libpcl-sample-consensus1.14:amd64 (1.14.0+dfsg-1) ...
#8 185.5 Setting up qml-module-qtquick-privatewidgets:amd64 (5.15.13-1) ...
#8 185.5 Setting up libpcl-stereo1.14:amd64 (1.14.0+dfsg-1) ...
#8 185.5 Setting up libblas-dev:amd64 (3.12.0-3build1.1) ...
#8 185.5 update-alternatives: using /usr/lib/x86_64-linux-gnu/blas/libblas.so to provide /usr/lib/x86_64-linux-gnu/libblas.so (libblas.so-x86_64-linux-gnu) in auto mode
#8 185.5 Setting up libmysqlclient-dev (8.0.46-0ubuntu0.24.04.2) ...
#8 185.5 Setting up liboctomap1.9t64:amd64 (1.9.7+dfsg-3.1build3) ...
#8 185.6 Setting up ros-jazzy-example-interfaces (0.12.0-3noble.20260412.032829) ...
#8 185.6 Setting up libkadm5clnt-mit12:amd64 (1.20.1-6ubuntu2.6) ...
#8 185.6 Setting up libodbccr2:amd64 (2.3.12-1ubuntu0.24.04.1) ...
#8 185.6 Setting up libiec61883-0:amd64 (1.2.0-6build1) ...
#8 185.6 Setting up libxft-dev:amd64 (2.3.6-1build1) ...
#8 185.7 Setting up libserd-0-0:amd64 (0.32.2-1) ...
#8 185.7 Setting up default-libmysqlclient-dev:amd64 (1.1.0build1) ...
#8 185.7 Setting up libomp-18-dev (1:18.1.3-1ubuntu1) ...
#8 185.7 Setting up libpcrecpp0v5:amd64 (2:8.39-15build1) ...
#8 185.7 Setting up libcairo-script-interpreter2:amd64 (1.18.0-3build1) ...
#8 185.7 Setting up liburdfdom-dev:amd64 (4.0.0-0ubuntu1) ...
#8 185.8 Setting up libzip-dev:amd64 (1.7.3-1.1ubuntu2) ...
#8 185.8 Setting up libfreeimage3:amd64 (3.18.0+ds2-10build4) ...
#8 185.8 Setting up libpcl-outofcore1.14:amd64 (1.14.0+dfsg-1) ...
#8 185.8 Setting up libqt5positioningquick5:amd64 (5.15.13+dfsg-1) ...
#8 185.8 Setting up libsndio-dev:amd64 (1.9.0-0.3build3) ...
#8 185.9 Setting up libamd3:amd64 (1:7.6.1+dfsg-1build1) ...
#8 185.9 Setting up libkmlregionator1t64:amd64 (1.3.0-12build1) ...
#8 185.9 Setting up ros-jazzy-pcl-msgs (1.0.0-9noble.20260412.035559) ...
#8 185.9 Setting up python3-vtk9 (9.1.0+really9.1.0+dfsg2-7.1build3) ...
#8 186.2 /usr/lib/python3/dist-packages/vtkmodules/util/vtkMethodParser.py:304: SyntaxWarning: invalid escape sequence '\S'
#8 186.2   patn = re.compile ("  \S")
#8 186.2 Setting up libcaca0:amd64 (0.99.beta20-4ubuntu0.2) ...
#8 186.2 Setting up openjdk-21-jre-headless:amd64 (21.0.11+10-1~24.04.2) ...
#8 186.4 update-alternatives: using /usr/lib/jvm/java-21-openjdk-amd64/bin/java to provide /usr/bin/java (java) in auto mode
#8 186.5 update-alternatives: using /usr/lib/jvm/java-21-openjdk-amd64/bin/jpackage to provide /usr/bin/jpackage (jpackage) in auto mode
#8 186.5 update-alternatives: using /usr/lib/jvm/java-21-openjdk-amd64/bin/keytool to provide /usr/bin/keytool (keytool) in auto mode
#8 186.5 update-alternatives: using /usr/lib/jvm/java-21-openjdk-amd64/bin/rmiregistry to provide /usr/bin/rmiregistry (rmiregistry) in auto mode
#8 186.5 update-alternatives: using /usr/lib/jvm/java-21-openjdk-amd64/lib/jexec to provide /usr/bin/jexec (jexec) in auto mode
#8 186.5 Setting up libpcre2-dev:amd64 (10.42-4ubuntu2.1) ...
#8 186.5 Setting up protobuf-compiler (3.21.12-8.2ubuntu0.3) ...
#8 186.5 Setting up libqt5location5:amd64 (5.15.13+dfsg-1) ...
#8 186.6 Setting up libkdb5-10t64:amd64 (1.20.1-6ubuntu2.6) ...
#8 186.6 Setting up ros-jazzy-dwb-msgs (1.3.11-1noble.20260412.035753) ...
#8 186.6 Setting up glslang-dev:amd64 (15.1.0-2~ubuntu0.24.04.2) ...
#8 186.6 Setting up libpoppler134:amd64 (24.02.0-1ubuntu9.9) ...
#8 186.6 Setting up libshaderc-dev:amd64 (2023.8-1build1) ...
#8 186.6 Setting up libpulse0:amd64 (1:16.1+dfsg1-2ubuntu10.1) ...
#8 186.7 Setting up libcolamd3:amd64 (1:7.6.1+dfsg-1build1) ...
#8 186.7 Setting up libgeotiff-dev:amd64 (1.7.1-5build1) ...
#8 186.7 Setting up libselinux1-dev:amd64 (3.5-2ubuntu2.1) ...
#8 186.7 Setting up libpcre3-dev:amd64 (2:8.39-15build1) ...
#8 186.7 Setting up qml-module-qtquick-templates2:amd64 (5.15.13+dfsg-1) ...
#8 186.8 Setting up libsuitesparse-mongoose3:amd64 (1:7.6.1+dfsg-1build1) ...
#8 186.8 Setting up libxcursor-dev:amd64 (1:1.2.1-1build1) ...
#8 186.8 Setting up libfreexl-dev:amd64 (2.0.0-1build2) ...
#8 186.8 Setting up qdoc-qt5 (5.15.13-1) ...
#8 186.8 Setting up qml-module-qt-labs-platform:amd64 (5.15.13+dfsg-1) ...
#8 186.8 Setting up libpostproc-dev:amd64 (7:6.1.1-3ubuntu5) ...
#8 186.9 Setting up ros-jazzy-nav2-util (1.3.11-1noble.20260412.054222) ...
#8 186.9 Setting up libsamplerate0-dev:amd64 (0.2.2-4build1) ...
#8 186.9 Setting up libxtensor-dev (0.25.0-1) ...
#8 186.9 Setting up libqt5quickcontrols2-5:amd64 (5.15.13+dfsg-1) ...
#8 186.9 Setting up libode-dev (2:0.16.2-1.1build1) ...
#8 187.0 Setting up ros-jazzy-demo-nodes-cpp (0.33.10-1noble.20260412.044049) ...
#8 187.0 Setting up libnorm-dev:amd64 (1.5.9+dfsg-3.1build1) ...
#8 187.0 Setting up libglib2.0-bin (2.80.0-6ubuntu3.8) ...
#8 187.0 Setting up libgeographiclib-dev (2.3-1build1) ...
#8 187.0 Setting up libhdf5-hl-fortran-100t64:amd64 (1.10.10+repack-3.1ubuntu4) ...
#8 187.0 Setting up libfcl0.7:amd64 (0.7.0-3build2) ...
#8 187.1 Setting up systemd (255.4-1ubuntu8.16) ...
#8 187.2 Setting up libopenal1:amd64 (1:1.23.1-4build1) ...
#8 187.2 Setting up libhdf5-openmpi-hl-100t64:amd64 (1.10.10+repack-3.1ubuntu4) ...
#8 187.2 Setting up libqt5webkit5:amd64 (5.212.0~alpha4-36) ...
#8 187.2 Setting up libwayland-dev:amd64 (1.22.0-2.1build1) ...
#8 187.2 Setting up liboctomap-dev:amd64 (1.9.7+dfsg-3.1build3) ...
#8 187.3 Setting up libcamd3:amd64 (1:7.6.1+dfsg-1build1) ...
#8 187.3 Setting up liblua5.2-dev:amd64 (5.2.4-3build2) ...
#8 187.3 Setting up libhdf5-openmpi-hl-fortran-100t64:amd64 (1.10.10+repack-3.1ubuntu4) ...
#8 187.3 Setting up libopenni0t64 (1.5.4.0+dfsg-7.1build1) ...
#8 187.4 Setting up libpocofoundation80t64:amd64 (1.11.0-4.1build2) ...
#8 187.4 Setting up libfcl-dev:amd64 (0.7.0-3build2) ...
#8 187.4 Setting up libdecor-0-dev:amd64 (0.2.2-1build2) ...
#8 187.4 Setting up libsphinxbase3t64:amd64 (0.8+5prealpha+1-17build2) ...
#8 187.4 Setting up libpcl-octree1.14:amd64 (1.14.0+dfsg-1) ...
#8 187.5 Setting up libpcl-io1.14:amd64 (1.14.0+dfsg-1) ...
#8 187.5 Setting up freeglut3-dev:amd64 (3.4.0-1build1) ...
#8 187.5 Setting up libxv-dev:amd64 (2:1.0.11-1.1build1) ...
#8 187.5 Setting up libwmf-dev (0.2.13-1.1build3) ...
#8 187.5 Setting up libxsimd-dev:amd64 (12.1.1-3build1) ...
#8 187.5 Setting up ros-jazzy-nav2-lifecycle-manager (1.3.11-1noble.20260412.054912) ...
#8 187.6 Setting up libass9:amd64 (1:0.17.1-2build1) ...
#8 187.6 Setting up qtquickcontrols2-5-dev:amd64 (5.15.13+dfsg-1) ...
#8 187.6 Setting up libopenjp2-7-dev:amd64 (2.5.0-2ubuntu0.5) ...
#8 187.6 Setting up libxcb-randr0-dev:amd64 (1.15-1ubuntu2) ...
#8 187.6 Setting up libpocojson80t64:amd64 (1.11.0-4.1build2) ...
#8 187.7 Setting up librbio4:amd64 (1:7.6.1+dfsg-1build1) ...
#8 187.7 Setting up libpulse-mainloop-glib0:amd64 (1:16.1+dfsg1-2ubuntu10.1) ...
#8 187.7 Setting up qml-module-qtgraphicaleffects:amd64 (5.15.13-1) ...
#8 187.7 Setting up libhdf5-dev (1.10.10+repack-3.1ubuntu4) ...
#8 187.7 update-alternatives: using /usr/lib/x86_64-linux-gnu/pkgconfig/hdf5-serial.pc to provide /usr/lib/x86_64-linux-gnu/pkgconfig/hdf5.pc (hdf5.pc) in auto mode
#8 187.7 Setting up libogre-1.9.0t64:amd64 (1.9.0+dfsg1-14.1build2) ...
#8 187.8 Setting up liblapack-dev:amd64 (3.12.0-3build1.1) ...
#8 187.8 update-alternatives: using /usr/lib/x86_64-linux-gnu/lapack/liblapack.so to provide /usr/lib/x86_64-linux-gnu/liblapack.so (liblapack.so-x86_64-linux-gnu) in auto mode
#8 187.8 Setting up systemd-timesyncd (255.4-1ubuntu8.16) ...
#8 188.0 Setting up ros-jazzy-demo-nodes-py (0.33.10-1noble.20260412.042524) ...
#8 188.0 Setting up udev (255.4-1ubuntu8.16) ...
#8 188.5 Setting up qml-module-qtpositioning:amd64 (5.15.13+dfsg-1) ...
#8 188.5 Setting up libjxl-dev:amd64 (0.7.0-10.2ubuntu6.1) ...
#8 188.5 Setting up libpocodata80t64:amd64 (1.11.0-4.1build2) ...
#8 188.5 Setting up libnetcdf-dev (1:4.9.2-5ubuntu4) ...
#8 188.5 Setting up libspatialite-dev:amd64 (5.1.0-3build1) ...
#8 188.6 Setting up libabsl-dev:amd64 (20220623.1-3.1ubuntu3.2) ...
#8 188.6 Setting up tcl-dev:amd64 (8.6.14build1) ...
#8 188.6 Setting up libccolamd3:amd64 (1:7.6.1+dfsg-1build1) ...
#8 188.7 Setting up librubberband2:amd64 (3.3.0+dfsg-2build1) ...
#8 188.7 Setting up tk8.6-dev:amd64 (8.6.14-1build1) ...
#8 188.7 Setting up qt5-assistant (5.15.13-1) ...
#8 188.7 Setting up libjack-jackd2-0:amd64 (1.9.21~dfsg-3ubuntu3) ...
#8 188.7 Setting up libdrm2:amd64 (2.4.125-1ubuntu0.1~24.04.2) ...
#8 188.7 Setting up qttools5-dev-tools (5.15.13-1) ...
#8 188.8 Setting up qtdeclarative5-dev:amd64 (5.15.13+dfsg-1ubuntu0.1) ...
#8 188.8 Setting up libprotoc-dev:amd64 (3.21.12-8.2ubuntu0.3) ...
#8 188.8 Setting up libsord-0-0:amd64 (0.16.16-2build1) ...
#8 188.8 Setting up libqt5location5-plugins:amd64 (5.15.13+dfsg-1) ...
#8 188.8 Setting up libsratom-0-0:amd64 (0.6.16-1build1) ...
#8 188.8 Setting up libkadm5srv-mit12:amd64 (1.20.1-6ubuntu2.6) ...
#8 188.9 Setting up libhdf5-openmpi-hl-cpp-100t64:amd64 (1.10.10+repack-3.1ubuntu4) ...
#8 188.9 Setting up ros-jazzy-nav2-amcl (1.3.11-1noble.20260412.054619) ...
#8 188.9 Setting up qml-module-qtquick-dialogs:amd64 (5.15.13-1) ...
#8 188.9 Setting up libsuperlu-dev:amd64 (6.0.1+dfsg1-1build1) ...
#8 189.0 Setting up libpcl-search1.14:amd64 (1.14.0+dfsg-1) ...
#8 189.0 Setting up libhdf5-openmpi-dev (1.10.10+repack-3.1ubuntu4) ...
#8 189.0 update-alternatives: using /usr/bin/h5pcc.openmpi to provide /usr/bin/h5pcc (h5pcc) in auto mode
#8 189.0 update-alternatives: warning: skip creation of /usr/share/man/man1/h5pcc.1.gz because associated file /usr/share/man/man1/h5pcc.openmpi.1.gz (of link group h5pcc) doesn't exist
#8 189.0 update-alternatives: warning: skip creation of /usr/share/man/man1/h5pfc.1.gz because associated file /usr/share/man/man1/h5pfc.openmpi.1.gz (of link group h5pcc) doesn't exist
#8 189.0 update-alternatives: using /usr/lib/x86_64-linux-gnu/pkgconfig/hdf5-openmpi.pc to provide /usr/lib/x86_64-linux-gnu/pkgconfig/hdf5.pc (hdf5.pc) in auto mode
#8 189.0 update-alternatives: updating alternative /usr/bin/mpicc.openmpi because link group mpi has changed slave links
#8 189.0 update-alternatives: warning: skip creation of /usr/share/man/man1/mpiCC.1.gz because associated file /usr/share/man/man1/mpiCC.openmpi.1.gz (of link group mpi) doesn't exist
#8 189.0 update-alternatives: warning: skip creation of /usr/share/man/man1/mpic++.1.gz because associated file /usr/share/man/man1/mpic++.openmpi.1.gz (of link group mpi) doesn't exist
#8 189.0 update-alternatives: warning: skip creation of /usr/share/man/man1/mpicc.1.gz because associated file /usr/share/man/man1/mpicc.openmpi.1.gz (of link group mpi) doesn't exist
#8 189.0 update-alternatives: warning: skip creation of /usr/share/man/man1/mpicxx.1.gz because associated file /usr/share/man/man1/mpicxx.openmpi.1.gz (of link group mpi) doesn't exist
#8 189.0 update-alternatives: warning: skip creation of /usr/share/man/man1/mpif77.1.gz because associated file /usr/share/man/man1/mpif77.openmpi.1.gz (of link group mpi) doesn't exist
#8 189.0 update-alternatives: warning: skip creation of /usr/share/man/man1/mpif90.1.gz because associated file /usr/share/man/man1/mpif90.openmpi.1.gz (of link group mpi) doesn't exist
#8 189.0 update-alternatives: warning: skip creation of /usr/share/man/man1/mpifort.1.gz because associated file /usr/share/man/man1/mpifort.openmpi.1.gz (of link group mpi) doesn't exist
#8 189.1 update-alternatives: using /usr/lib/x86_64-linux-gnu/pkgconfig/hdf5-mpi.pc to provide /usr/lib/x86_64-linux-gnu/pkgconfig/hdf5.pc (hdf5.pc) in auto mode
#8 189.1 Setting up libpocodatamysql80t64:amd64 (1.11.0-4.1build2) ...
#8 189.1 Setting up ros-jazzy-nav2-velocity-smoother (1.3.11-1noble.20260412.073111) ...
#8 189.1 Setting up liblilv-0-0:amd64 (0.24.22-1build1) ...
#8 189.1 Setting up unixodbc-dev:amd64 (2.3.12-1ubuntu0.24.04.1) ...
#8 189.1 Setting up libmount-dev:amd64 (2.39.3-9ubuntu6.5) ...
#8 189.1 Setting up libpocoactiverecord80t64:amd64 (1.11.0-4.1build2) ...
#8 189.2 Setting up ros-jazzy-robot-localization (3.8.3-1noble.20260412.054254) ...
#8 189.2 Setting up ros-jazzy-nav-2d-utils (1.3.11-1noble.20260412.054939) ...
#8 189.2 Setting up libomp-dev:amd64 (1:18.0-59~exp2) ...
#8 189.2 Setting up libpocozip80t64:amd64 (1.11.0-4.1build2) ...
#8 189.2 Setting up libfreeimage-dev:amd64 (3.18.0+ds2-10build4) ...
#8 189.3 Setting up systemd-resolved (255.4-1ubuntu8.16) ...
#8 189.4 Setting up libdrm-amdgpu1:amd64 (2.4.125-1ubuntu0.1~24.04.2) ...
#8 189.4 Setting up krb5-multidev:amd64 (1.20.1-6ubuntu2.6) ...
#8 189.5 Setting up libpoppler-dev:amd64 (24.02.0-1ubuntu9.9) ...
#8 189.5 Setting up libkml-dev:amd64 (1.3.0-12build1) ...
#8 189.5 Setting up libogre-1.9-dev (1.9.0+dfsg1-14.1build2) ...
#8 189.5 Setting up mesa-vulkan-drivers:amd64 (25.2.8-0ubuntu0.24.04.2) ...
#8 189.6 Setting up systemd-sysv (255.4-1ubuntu8.16) ...
#8 189.7 Setting up libcholmod5:amd64 (1:7.6.1+dfsg-1build1) ...
#8 189.7 Setting up libdrm-nouveau2:amd64 (2.4.125-1ubuntu0.1~24.04.2) ...
#8 189.7 Setting up libarpack2-dev:amd64 (3.9.1-1.1build2) ...
#8 189.7 Setting up qml-module-qtquick-controls2:amd64 (5.15.13+dfsg-1) ...
#8 189.7 Setting up libpcl-visualization1.14:amd64 (1.14.0+dfsg-1) ...
#8 189.7 Setting up libspex2:amd64 (1:7.6.1+dfsg-1build1) ...
#8 189.8 Setting up ros-jazzy-gz-dartsim-vendor (0.0.3-1noble.20260225.232143) ...
#8 189.8 Setting up ros-jazzy-opennav-docking-core (1.3.11-1noble.20260412.060417) ...
#8 189.8 Setting up ros-jazzy-nav2-costmap-2d (1.3.11-1noble.20260412.054629) ...
#8 189.8 Setting up libspqr4:amd64 (1:7.6.1+dfsg-1build1) ...
#8 189.8 Setting up libdrm-radeon1:amd64 (2.4.125-1ubuntu0.1~24.04.2) ...
#8 189.8 Setting up libpococrypto80t64:amd64 (1.11.0-4.1build2) ...
#8 189.9 Setting up libpoppler-private-dev:amd64 (24.02.0-1ubuntu9.9) ...
#8 189.9 Setting up libopenni-dev:amd64 (1.5.4.0+dfsg-7.1build1) ...
#8 189.9 Setting up libdrm-intel1:amd64 (2.4.125-1ubuntu0.1~24.04.2) ...
#8 189.9 Setting up qml-module-qtquick-controls:amd64 (5.15.13-1) ...
#8 189.9 Setting up libpocoencodings80t64:amd64 (1.11.0-4.1build2) ...
#8 190.0 Setting up libnss-systemd:amd64 (255.4-1ubuntu8.16) ...
#8 190.0 Setting up libpocodatapostgresql80t64:amd64 (1.11.0-4.1build2) ...
#8 190.0 Setting up libqt5webkit5-dev:amd64 (5.212.0~alpha4-36) ...
#8 190.0 Setting up ros-jazzy-gz-msgs-vendor (0.0.6-1noble.20260225.232943) ...
#8 190.0 Setting up libpocoxml80t64:amd64 (1.11.0-4.1build2) ...
#8 190.1 Setting up libpoconet80t64:amd64 (1.11.0-4.1build2) ...
#8 190.1 Setting up libarmadillo-dev (1:12.6.7+dfsg-1build2) ...
#8 190.1 Setting up libpcl-surface1.14:amd64 (1.14.0+dfsg-1) ...
#8 190.1 Setting up libpocketsphinx3:amd64 (0.8.0+real5prealpha+1-15ubuntu5) ...
#8 190.1 Setting up libkrb5-dev:amd64 (1.20.1-6ubuntu2.6) ...
#8 190.2 Setting up libpcl-filters1.14:amd64 (1.14.0+dfsg-1) ...
#8 190.2 Setting up tk-dev:amd64 (8.6.14build1) ...
#8 190.2 Setting up libpocodataodbc80t64:amd64 (1.11.0-4.1build2) ...
#8 190.2 Setting up qml-module-qtlocation:amd64 (5.15.13+dfsg-1) ...
#8 190.2 Setting up libglib2.0-dev:amd64 (2.80.0-6ubuntu3.8) ...
#8 190.2 Setting up libklu2:amd64 (1:7.6.1+dfsg-1build1) ...
#8 190.3 Setting up qml-module-qtquick-extras:amd64 (5.15.13-1) ...
#8 190.3 Setting up libpcl-registration1.14:amd64 (1.14.0+dfsg-1) ...
#8 190.3 Setting up libpocodatasqlite80t64:amd64 (1.11.0-4.1build2) ...
#8 190.3 Setting up libhdf5-mpi-dev (1.10.10+repack-3.1ubuntu4) ...
#8 190.3 Setting up qttools5-dev:amd64 (5.15.13-1) ...
#8 190.3 Setting up libhdf4-alt-dev (4.2.16-4build1) ...
#8 190.4 Setting up libumfpack6:amd64 (1:7.6.1+dfsg-1build1) ...
#8 190.4 Setting up ros-jazzy-costmap-queue (1.3.11-1noble.20260412.060423) ...
#8 190.4 Setting up ros-jazzy-nav2-collision-monitor (1.3.11-1noble.20260412.060219) ...
#8 190.5 Setting up libpam-systemd:amd64 (255.4-1ubuntu8.16) ...
#8 190.6 debconf: unable to initialize frontend: Dialog
#8 190.6 debconf: (TERM is not set, so the dialog frontend is not usable.)
#8 190.6 debconf: falling back to frontend: Readline
#8 190.6 debconf: unable to initialize frontend: Readline
#8 190.6 debconf: (This frontend requires a controlling tty.)
#8 190.6 debconf: falling back to frontend: Teletype
#8 190.7 Setting up libzmq3-dev:amd64 (4.3.5-1build2) ...
#8 190.7 Setting up libpocojwt80t64:amd64 (1.11.0-4.1build2) ...
#8 190.7 Setting up libceres4t64:amd64 (2.2.0+dfsg-4.1ubuntu2) ...
#8 190.8 Setting up cppzmq-dev:amd64 (4.10.0-1build1) ...
#8 190.8 Setting up qttools5-private-dev:amd64 (5.15.13-1) ...
#8 190.8 Setting up mesa-libgallium:amd64 (25.2.8-0ubuntu0.24.04.2) ...
#8 190.9 Setting up libdrm-dev:amd64 (2.4.125-1ubuntu0.1~24.04.2) ...
#8 190.9 Setting up libpocoutil80t64:amd64 (1.11.0-4.1build2) ...
#8 190.9 Setting up libgbm1:amd64 (25.2.8-0ubuntu0.24.04.2) ...
#8 190.9 Setting up libpcl-tracking1.14:amd64 (1.14.0+dfsg-1) ...
#8 190.9 Setting up libpocomongodb80t64:amd64 (1.11.0-4.1build2) ...
#8 190.9 Setting up libpoconetssl80t64:amd64 (1.11.0-4.1build2) ...
#8 191.0 Setting up ros-jazzy-gz-transport-vendor (0.0.7-1noble.20260225.234741) ...
#8 191.0 Setting up libgl1-mesa-dri:amd64 (25.2.8-0ubuntu0.24.04.2) ...
#8 191.0 Setting up libflann-dev:amd64 (1.9.2+dfsg-2build1) ...
#8 191.0 Setting up libparu0:amd64 (1:7.6.1+dfsg-1build1) ...
#8 191.0 Setting up libpcl-features1.14:amd64 (1.14.0+dfsg-1) ...
#8 191.1 Setting up libavfilter9:amd64 (7:6.1.1-3ubuntu5) ...
#8 191.1 Setting up libgbm-dev:amd64 (25.2.8-0ubuntu0.24.04.2) ...
#8 191.1 Setting up libpocoredis80t64:amd64 (1.11.0-4.1build2) ...
#8 191.1 Setting up libegl-mesa0:amd64 (25.2.8-0ubuntu0.24.04.2) ...
#8 191.1 Setting up ros-jazzy-behaviortree-cpp (4.9.0-1noble.20260412.042652) ...
#8 191.2 Setting up ros-jazzy-ros-gz-bridge (1.0.22-1noble.20260412.043437) ...
#8 191.2 Setting up libpcl-keypoints1.14:amd64 (1.14.0+dfsg-1) ...
#8 191.2 Setting up mesa-va-drivers:amd64 (25.2.8-0ubuntu0.24.04.2) ...
#8 191.2 Setting up libsdl2-2.0-0:amd64 (2.30.0+dfsg-1ubuntu3.1) ...
#8 191.2 Setting up ros-jazzy-ompl (1.7.0-2noble.20260225.055751) ...
#8 191.2 Setting up libpcl-segmentation1.14:amd64 (1.14.0+dfsg-1) ...
#8 191.3 Setting up libpcl-recognition1.14:amd64 (1.14.0+dfsg-1) ...
#8 191.3 Setting up ros-jazzy-nav2-behavior-tree (1.3.11-1noble.20260412.054654) ...
#8 191.3 Setting up libglx-mesa0:amd64 (25.2.8-0ubuntu0.24.04.2) ...
#8 191.3 Setting up libsuitesparse-dev:amd64 (1:7.6.1+dfsg-1build1) ...
#8 191.3 Setting up libavfilter-dev:amd64 (7:6.1.1-3ubuntu5) ...
#8 191.3 Setting up ros-jazzy-ros-gz-image (1.0.22-1noble.20260412.051928) ...
#8 191.4 Setting up libavdevice60:amd64 (7:6.1.1-3ubuntu5) ...
#8 191.4 Setting up libpoco-dev:amd64 (1.11.0-4.1build2) ...
#8 191.4 Setting up libpcl-apps1.14:amd64 (1.14.0+dfsg-1) ...
#8 191.4 Setting up libceres-dev:amd64 (2.2.0+dfsg-4.1ubuntu2) ...
#8 191.4 Setting up ros-jazzy-nav2-core (1.3.11-1noble.20260412.061507) ...
#8 191.4 Setting up ros-jazzy-nav2-bt-navigator (1.3.11-1noble.20260412.062202) ...
#8 191.5 Setting up ros-jazzy-slam-toolbox (2.8.4-1noble.20260412.063203) ...
#8 191.5 Setting up ros-jazzy-nav2-mppi-controller (1.3.11-1noble.20260412.062211) ...
#8 191.5 Setting up ros-jazzy-opennav-docking-bt (1.3.11-1noble.20260412.063003) ...
#8 191.5 Setting up ros-jazzy-nav2-behaviors (1.3.11-1noble.20260412.062201) ...
#8 191.5 Setting up ros-jazzy-nav2-planner (1.3.11-1noble.20260412.062215) ...
#8 191.6 Setting up ros-jazzy-nav2-smac-planner (1.3.11-1noble.20260412.062222) ...
#8 191.6 Setting up ros-jazzy-nav2-smoother (1.3.11-1noble.20260412.062225) ...
#8 191.6 Setting up libavdevice-dev:amd64 (7:6.1.1-3ubuntu5) ...
#8 191.6 Setting up ros-jazzy-nav2-route (1.3.11-1noble.20260412.062220) ...
#8 191.6 Setting up ros-jazzy-nav2-rviz-plugins (1.3.11-1noble.20260412.063246) ...
#8 191.6 Setting up ros-jazzy-nav2-controller (1.3.11-1noble.20260412.062208) ...
#8 191.7 Setting up ros-jazzy-nav2-rotation-shim-controller (1.3.11-1noble.20260412.063202) ...
#8 191.7 Setting up ros-jazzy-dwb-core (1.3.11-1noble.20260412.062205) ...
#8 191.7 Setting up ros-jazzy-nav2-constrained-smoother (1.3.11-1noble.20260412.062205) ...
#8 191.7 Setting up ros-jazzy-nav2-navfn-planner (1.3.11-1noble.20260412.062212) ...
#8 191.7 Setting up ros-jazzy-nav2-waypoint-follower (1.3.11-1noble.20260412.062235) ...
#8 191.8 Setting up ros-jazzy-nav2-theta-star-planner (1.3.11-1noble.20260412.062223) ...
#8 191.8 Setting up ros-jazzy-nav2-regulated-pure-pursuit-controller (1.3.11-1noble.20260412.062217) ...
#8 191.8 Setting up ros-jazzy-nav2-graceful-controller (1.3.11-1noble.20260412.062210) ...
#8 191.8 Setting up ros-jazzy-opennav-docking (1.3.11-1noble.20260412.063140) ...
#8 191.8 Setting up ros-jazzy-dwb-critics (1.3.11-1noble.20260412.063134) ...
#8 191.8 Setting up ros-jazzy-dwb-plugins (1.3.11-1noble.20260412.063135) ...
#8 191.9 Setting up ros-jazzy-nav2-dwb-controller (1.3.11-1noble.20260412.065547) ...
#8 191.9 Setting up libheif-plugin-aomdec:amd64 (1.17.6-1ubuntu4.3) ...
#8 192.0 Setting up libheif1:amd64 (1.17.6-1ubuntu4.3) ...
#8 192.0 Setting up libheif-dev:amd64 (1.17.6-1ubuntu4.3) ...
#8 192.1 Setting up libgdal-dev (3.8.4+dfsg-3ubuntu3) ...
#8 192.1 Setting up libheif-plugin-libde265:amd64 (1.17.6-1ubuntu4.3) ...
#8 192.2 Setting up libgraphicsmagick-q16-3t64 (1.4+really1.3.42-1.1build3) ...
#8 192.3 Setting up libgraphicsmagick++-q16-12t64 (1.4+really1.3.42-1.1build3) ...
#8 192.3 Setting up libgraphics-magick-perl (1.4+really1.3.42-1.1build3) ...
#8 192.4 Setting up libgraphicsmagick1-dev (1.4+really1.3.42-1.1build3) ...
#8 192.4 Setting up libgraphicsmagick++1-dev (1.4+really1.3.42-1.1build3) ...
#8 192.6 Setting up graphicsmagick-libmagick-dev-compat (1.4+really1.3.42-1.1build3) ...
#8 192.7 Setting up ros-jazzy-nav2-map-server (1.3.11-1noble.20260412.054646) ...
#8 192.8 Setting up ros-jazzy-navigation2 (1.3.11-1noble.20260412.073445) ...
#8 193.1 Processing triggers for libc-bin (2.39-0ubuntu8.7) ...
#8 193.3 Processing triggers for libglib2.0-0t64:amd64 (2.80.0-6ubuntu3.8) ...
#8 193.4 Processing triggers for dbus (1.14.10-4ubuntu4.1) ...
#8 193.4 Setting up libgts-dev:amd64 (0.7.6+darcs121130-5.2build1) ...
#8 193.4 Setting up libpulse-dev:amd64 (1:16.1+dfsg1-2ubuntu10.1) ...
#8 193.4 Processing triggers for libgdk-pixbuf-2.0-0:amd64 (2.42.10+dfsg-3ubuntu3.3) ...
#8 193.5 Processing triggers for sgml-base (1.31) ...
#8 193.6 Setting up libcairo2-dev:amd64 (1.18.0-3build1) ...
#8 193.6 Setting up ros-jazzy-gz-common-vendor (0.0.9-1noble.20260226.000703) ...
#8 193.6 Processing triggers for fontconfig (2.15.0-1.1ubuntu2) ...
#8 193.7 Processing triggers for hicolor-icon-theme (0.17-2) ...
#8 193.8 Setting up ros-jazzy-gz-fuel-tools-vendor (0.0.6-1noble.20260226.001605) ...
#8 193.9 Setting up libibus-1.0-dev:amd64 (1.5.29-2) ...
#8 193.9 Setting up ros-jazzy-cartographer (2.0.9004-1noble.20260225.051215) ...
#8 194.0 Setting up ros-jazzy-gz-physics-vendor (0.0.7-1noble.20260226.002542) ...
#8 194.0 Setting up libsdl2-dev:amd64 (2.30.0+dfsg-1ubuntu3.1) ...
#8 194.1 Setting up ros-jazzy-gz-ogre-next-vendor (0.0.5-1noble.20260225.232146) ...
#8 194.2 Setting up ros-jazzy-gz-rendering-vendor (0.0.7-1noble.20260226.001618) ...
#8 194.3 Setting up ros-jazzy-gz-sensors-vendor (0.0.6-1noble.20260226.005904) ...
#8 194.4 Setting up ros-jazzy-gz-gui-vendor (0.0.5-1noble.20260226.010336) ...
#8 194.4 Setting up ros-jazzy-gz-sim-vendor (0.0.10-1noble.20260318.175144) ...
#8 194.5 Setting up ros-jazzy-ros-gz-sim (1.0.22-1noble.20260412.044601) ...
#8 194.5 Setting up ros-jazzy-nav2-minimal-tb4-sim (1.0.1-1noble.20260412.052305) ...
#8 194.6 Setting up ros-jazzy-nav2-minimal-tb3-sim (1.0.1-1noble.20260412.052302) ...
#8 194.6 Setting up ros-jazzy-nav2-bringup (1.3.11-1noble.20260412.073537) ...
#8 194.7 Processing triggers for ca-certificates-java (20240118) ...
#8 195.0 Adding debian:ACCVRAIZ1.pem
#8 195.0 Adding debian:AC_RAIZ_FNMT-RCM.pem
#8 195.1 Adding debian:AC_RAIZ_FNMT-RCM_SERVIDORES_SEGUROS.pem
#8 195.1 Adding debian:ANF_Secure_Server_Root_CA.pem
#8 195.1 Adding debian:Actalis_Authentication_Root_CA.pem
#8 195.1 Adding debian:AffirmTrust_Commercial.pem
#8 195.1 Adding debian:AffirmTrust_Networking.pem
#8 195.1 Adding debian:AffirmTrust_Premium.pem
#8 195.1 Adding debian:AffirmTrust_Premium_ECC.pem
#8 195.1 Adding debian:Amazon_Root_CA_1.pem
#8 195.1 Adding debian:Amazon_Root_CA_2.pem
#8 195.1 Adding debian:Amazon_Root_CA_3.pem
#8 195.1 Adding debian:Amazon_Root_CA_4.pem
#8 195.1 Adding debian:Atos_TrustedRoot_2011.pem
#8 195.1 Adding debian:Atos_TrustedRoot_Root_CA_ECC_TLS_2021.pem
#8 195.1 Adding debian:Atos_TrustedRoot_Root_CA_RSA_TLS_2021.pem
#8 195.1 Adding debian:Autoridad_de_Certificacion_Firmaprofesional_CIF_A62634068.pem
#8 195.1 Adding debian:BJCA_Global_Root_CA1.pem
#8 195.1 Adding debian:BJCA_Global_Root_CA2.pem
#8 195.1 Adding debian:Baltimore_CyberTrust_Root.pem
#8 195.1 Adding debian:Buypass_Class_2_Root_CA.pem
#8 195.1 Adding debian:Buypass_Class_3_Root_CA.pem
#8 195.1 Adding debian:CA_Disig_Root_R2.pem
#8 195.1 Adding debian:CFCA_EV_ROOT.pem
#8 195.1 Adding debian:COMODO_Certification_Authority.pem
#8 195.1 Adding debian:COMODO_ECC_Certification_Authority.pem
#8 195.1 Adding debian:COMODO_RSA_Certification_Authority.pem
#8 195.1 Adding debian:Certainly_Root_E1.pem
#8 195.1 Adding debian:Certainly_Root_R1.pem
#8 195.1 Adding debian:Certigna.pem
#8 195.1 Adding debian:Certigna_Root_CA.pem
#8 195.1 Adding debian:Certum_EC-384_CA.pem
#8 195.1 Adding debian:Certum_Trusted_Network_CA.pem
#8 195.1 Adding debian:Certum_Trusted_Network_CA_2.pem
#8 195.1 Adding debian:Certum_Trusted_Root_CA.pem
#8 195.1 Adding debian:CommScope_Public_Trust_ECC_Root-01.pem
#8 195.1 Adding debian:CommScope_Public_Trust_ECC_Root-02.pem
#8 195.2 Adding debian:CommScope_Public_Trust_RSA_Root-01.pem
#8 195.2 Adding debian:CommScope_Public_Trust_RSA_Root-02.pem
#8 195.2 Adding debian:Comodo_AAA_Services_root.pem
#8 195.2 Adding debian:D-TRUST_BR_Root_CA_1_2020.pem
#8 195.2 Adding debian:D-TRUST_EV_Root_CA_1_2020.pem
#8 195.2 Adding debian:D-TRUST_Root_Class_3_CA_2_2009.pem
#8 195.2 Adding debian:D-TRUST_Root_Class_3_CA_2_EV_2009.pem
#8 195.2 Adding debian:DigiCert_Assured_ID_Root_CA.pem
#8 195.2 Adding debian:DigiCert_Assured_ID_Root_G2.pem
#8 195.2 Adding debian:DigiCert_Assured_ID_Root_G3.pem
#8 195.2 Adding debian:DigiCert_Global_Root_CA.pem
#8 195.2 Adding debian:DigiCert_Global_Root_G2.pem
#8 195.2 Adding debian:DigiCert_Global_Root_G3.pem
#8 195.2 Adding debian:DigiCert_High_Assurance_EV_Root_CA.pem
#8 195.2 Adding debian:DigiCert_TLS_ECC_P384_Root_G5.pem
#8 195.2 Adding debian:DigiCert_TLS_RSA4096_Root_G5.pem
#8 195.2 Adding debian:DigiCert_Trusted_Root_G4.pem
#8 195.2 Adding debian:Entrust.net_Premium_2048_Secure_Server_CA.pem
#8 195.2 Adding debian:Entrust_Root_Certification_Authority.pem
#8 195.2 Adding debian:Entrust_Root_Certification_Authority_-_EC1.pem
#8 195.2 Adding debian:Entrust_Root_Certification_Authority_-_G2.pem
#8 195.2 Adding debian:Entrust_Root_Certification_Authority_-_G4.pem
#8 195.2 Adding debian:GDCA_TrustAUTH_R5_ROOT.pem
#8 195.2 Adding debian:GLOBALTRUST_2020.pem
#8 195.2 Adding debian:GTS_Root_R1.pem
#8 195.2 Adding debian:GTS_Root_R2.pem
#8 195.2 Adding debian:GTS_Root_R3.pem
#8 195.2 Adding debian:GTS_Root_R4.pem
#8 195.2 Adding debian:GlobalSign_ECC_Root_CA_-_R4.pem
#8 195.2 Adding debian:GlobalSign_ECC_Root_CA_-_R5.pem
#8 195.2 Adding debian:GlobalSign_Root_CA.pem
#8 195.2 Adding debian:GlobalSign_Root_CA_-_R3.pem
#8 195.2 Adding debian:GlobalSign_Root_CA_-_R6.pem
#8 195.2 Adding debian:GlobalSign_Root_E46.pem
#8 195.2 Adding debian:GlobalSign_Root_R46.pem
#8 195.2 Adding debian:Go_Daddy_Class_2_CA.pem
#8 195.2 Adding debian:Go_Daddy_Root_Certificate_Authority_-_G2.pem
#8 195.2 Adding debian:HARICA_TLS_ECC_Root_CA_2021.pem
#8 195.2 Adding debian:HARICA_TLS_RSA_Root_CA_2021.pem
#8 195.2 Adding debian:Hellenic_Academic_and_Research_Institutions_ECC_RootCA_2015.pem
#8 195.2 Adding debian:Hellenic_Academic_and_Research_Institutions_RootCA_2015.pem
#8 195.2 Adding debian:HiPKI_Root_CA_-_G1.pem
#8 195.2 Adding debian:Hongkong_Post_Root_CA_3.pem
#8 195.2 Adding debian:ISRG_Root_X1.pem
#8 195.3 Adding debian:ISRG_Root_X2.pem
#8 195.3 Adding debian:IdenTrust_Commercial_Root_CA_1.pem
#8 195.3 Adding debian:IdenTrust_Public_Sector_Root_CA_1.pem
#8 195.3 Adding debian:Izenpe.com.pem
#8 195.3 Adding debian:Microsec_e-Szigno_Root_CA_2009.pem
#8 195.3 Adding debian:Microsoft_ECC_Root_Certificate_Authority_2017.pem
#8 195.3 Adding debian:Microsoft_RSA_Root_Certificate_Authority_2017.pem
#8 195.3 Adding debian:NAVER_Global_Root_Certification_Authority.pem
#8 195.3 Adding debian:NetLock_Arany_=Class_Gold=_Főtanúsítvány.pem
#8 195.3 Adding debian:OISTE_WISeKey_Global_Root_GB_CA.pem
#8 195.3 Adding debian:OISTE_WISeKey_Global_Root_GC_CA.pem
#8 195.3 Adding debian:QuoVadis_Root_CA_1_G3.pem
#8 195.3 Adding debian:QuoVadis_Root_CA_2.pem
#8 195.3 Adding debian:QuoVadis_Root_CA_2_G3.pem
#8 195.3 Adding debian:QuoVadis_Root_CA_3.pem
#8 195.3 Adding debian:QuoVadis_Root_CA_3_G3.pem
#8 195.3 Adding debian:SSL.com_EV_Root_Certification_Authority_ECC.pem
#8 195.3 Adding debian:SSL.com_EV_Root_Certification_Authority_RSA_R2.pem
#8 195.3 Adding debian:SSL.com_Root_Certification_Authority_ECC.pem
#8 195.3 Adding debian:SSL.com_Root_Certification_Authority_RSA.pem
#8 195.3 Adding debian:SSL.com_TLS_ECC_Root_CA_2022.pem
#8 195.3 Adding debian:SSL.com_TLS_RSA_Root_CA_2022.pem
#8 195.3 Adding debian:SZAFIR_ROOT_CA2.pem
#8 195.3 Adding debian:Sectigo_Public_Server_Authentication_Root_E46.pem
#8 195.3 Adding debian:Sectigo_Public_Server_Authentication_Root_R46.pem
#8 195.3 Adding debian:SecureSign_RootCA11.pem
#8 195.3 Adding debian:SecureTrust_CA.pem
#8 195.3 Adding debian:Secure_Global_CA.pem
#8 195.3 Adding debian:Security_Communication_ECC_RootCA1.pem
#8 195.3 Adding debian:Security_Communication_RootCA2.pem
#8 195.3 Adding debian:Security_Communication_RootCA3.pem
#8 195.3 Adding debian:Security_Communication_Root_CA.pem
#8 195.3 Adding debian:Starfield_Class_2_CA.pem
#8 195.3 Adding debian:Starfield_Root_Certificate_Authority_-_G2.pem
#8 195.3 Adding debian:Starfield_Services_Root_Certificate_Authority_-_G2.pem
#8 195.3 Adding debian:SwissSign_Gold_CA_-_G2.pem
#8 195.3 Adding debian:SwissSign_Silver_CA_-_G2.pem
#8 195.3 Adding debian:T-TeleSec_GlobalRoot_Class_2.pem
#8 195.3 Adding debian:T-TeleSec_GlobalRoot_Class_3.pem
#8 195.3 Adding debian:TUBITAK_Kamu_SM_SSL_Kok_Sertifikasi_-_Surum_1.pem
#8 195.3 Adding debian:TWCA_Global_Root_CA.pem
#8 195.3 Adding debian:TWCA_Root_Certification_Authority.pem
#8 195.4 Adding debian:TeliaSonera_Root_CA_v1.pem
#8 195.4 Adding debian:Telia_Root_CA_v2.pem
#8 195.4 Adding debian:TrustAsia_Global_Root_CA_G3.pem
#8 195.4 Adding debian:TrustAsia_Global_Root_CA_G4.pem
#8 195.4 Adding debian:Trustwave_Global_Certification_Authority.pem
#8 195.4 Adding debian:Trustwave_Global_ECC_P256_Certification_Authority.pem
#8 195.4 Adding debian:Trustwave_Global_ECC_P384_Certification_Authority.pem
#8 195.4 Adding debian:TunTrust_Root_CA.pem
#8 195.4 Adding debian:UCA_Extended_Validation_Root.pem
#8 195.4 Adding debian:UCA_Global_G2_Root.pem
#8 195.4 Adding debian:USERTrust_ECC_Certification_Authority.pem
#8 195.4 Adding debian:USERTrust_RSA_Certification_Authority.pem
#8 195.4 Adding debian:XRamp_Global_CA_Root.pem
#8 195.4 Adding debian:certSIGN_ROOT_CA.pem
#8 195.4 Adding debian:certSIGN_Root_CA_G2.pem
#8 195.4 Adding debian:e-Szigno_Root_CA_2017.pem
#8 195.4 Adding debian:ePKI_Root_Certification_Authority.pem
#8 195.4 Adding debian:emSign_ECC_Root_CA_-_C3.pem
#8 195.4 Adding debian:emSign_ECC_Root_CA_-_G3.pem
#8 195.4 Adding debian:emSign_Root_CA_-_C1.pem
#8 195.4 Adding debian:emSign_Root_CA_-_G1.pem
#8 195.4 Adding debian:vTrus_ECC_Root_CA.pem
#8 195.4 Adding debian:vTrus_Root_CA.pem
#8 195.4 done.
#8 195.5 Setting up openjdk-21-jre:amd64 (21.0.11+10-1~24.04.2) ...
#8 195.5 Setting up openjdk-21-jdk-headless:amd64 (21.0.11+10-1~24.04.2) ...
#8 195.5 update-alternatives: using /usr/lib/jvm/java-21-openjdk-amd64/bin/jar to provide /usr/bin/jar (jar) in auto mode
#8 195.5 update-alternatives: using /usr/lib/jvm/java-21-openjdk-amd64/bin/jarsigner to provide /usr/bin/jarsigner (jarsigner) in auto mode
#8 195.5 update-alternatives: using /usr/lib/jvm/java-21-openjdk-amd64/bin/javac to provide /usr/bin/javac (javac) in auto mode
#8 195.5 update-alternatives: using /usr/lib/jvm/java-21-openjdk-amd64/bin/javadoc to provide /usr/bin/javadoc (javadoc) in auto mode
#8 195.5 update-alternatives: using /usr/lib/jvm/java-21-openjdk-amd64/bin/javap to provide /usr/bin/javap (javap) in auto mode
#8 195.6 update-alternatives: using /usr/lib/jvm/java-21-openjdk-amd64/bin/jcmd to provide /usr/bin/jcmd (jcmd) in auto mode
#8 195.6 update-alternatives: using /usr/lib/jvm/java-21-openjdk-amd64/bin/jdb to provide /usr/bin/jdb (jdb) in auto mode
#8 195.6 update-alternatives: using /usr/lib/jvm/java-21-openjdk-amd64/bin/jdeprscan to provide /usr/bin/jdeprscan (jdeprscan) in auto mode
#8 195.6 update-alternatives: using /usr/lib/jvm/java-21-openjdk-amd64/bin/jdeps to provide /usr/bin/jdeps (jdeps) in auto mode
#8 195.6 update-alternatives: using /usr/lib/jvm/java-21-openjdk-amd64/bin/jfr to provide /usr/bin/jfr (jfr) in auto mode
#8 195.6 update-alternatives: using /usr/lib/jvm/java-21-openjdk-amd64/bin/jimage to provide /usr/bin/jimage (jimage) in auto mode
#8 195.6 update-alternatives: using /usr/lib/jvm/java-21-openjdk-amd64/bin/jinfo to provide /usr/bin/jinfo (jinfo) in auto mode
#8 195.6 update-alternatives: using /usr/lib/jvm/java-21-openjdk-amd64/bin/jlink to provide /usr/bin/jlink (jlink) in auto mode
#8 195.6 update-alternatives: using /usr/lib/jvm/java-21-openjdk-amd64/bin/jmap to provide /usr/bin/jmap (jmap) in auto mode
#8 195.6 update-alternatives: using /usr/lib/jvm/java-21-openjdk-amd64/bin/jmod to provide /usr/bin/jmod (jmod) in auto mode
#8 195.6 update-alternatives: using /usr/lib/jvm/java-21-openjdk-amd64/bin/jps to provide /usr/bin/jps (jps) in auto mode
#8 195.6 update-alternatives: using /usr/lib/jvm/java-21-openjdk-amd64/bin/jrunscript to provide /usr/bin/jrunscript (jrunscript) in auto mode
#8 195.6 update-alternatives: using /usr/lib/jvm/java-21-openjdk-amd64/bin/jshell to provide /usr/bin/jshell (jshell) in auto mode
#8 195.7 update-alternatives: using /usr/lib/jvm/java-21-openjdk-amd64/bin/jstack to provide /usr/bin/jstack (jstack) in auto mode
#8 195.7 update-alternatives: using /usr/lib/jvm/java-21-openjdk-amd64/bin/jstat to provide /usr/bin/jstat (jstat) in auto mode
#8 195.7 update-alternatives: using /usr/lib/jvm/java-21-openjdk-amd64/bin/jstatd to provide /usr/bin/jstatd (jstatd) in auto mode
#8 195.7 update-alternatives: using /usr/lib/jvm/java-21-openjdk-amd64/bin/jwebserver to provide /usr/bin/jwebserver (jwebserver) in auto mode
#8 195.7 update-alternatives: using /usr/lib/jvm/java-21-openjdk-amd64/bin/serialver to provide /usr/bin/serialver (serialver) in auto mode
#8 195.7 update-alternatives: using /usr/lib/jvm/java-21-openjdk-amd64/bin/jhsdb to provide /usr/bin/jhsdb (jhsdb) in auto mode
#8 195.7 Setting up default-jre-headless (2:1.21-75+exp1) ...
#8 195.8 Setting up default-jre (2:1.21-75+exp1) ...
#8 195.8 Setting up openjdk-21-jdk:amd64 (21.0.11+10-1~24.04.2) ...
#8 195.8 update-alternatives: using /usr/lib/jvm/java-21-openjdk-amd64/bin/jconsole to provide /usr/bin/jconsole (jconsole) in auto mode
#8 195.8 Setting up default-jdk-headless (2:1.21-75+exp1) ...
#8 195.9 Setting up default-jdk (2:1.21-75+exp1) ...
#8 195.9 Setting up libvtk9-dev (9.1.0+really9.1.0+dfsg2-7.1build3) ...
#8 195.9 Setting up libvtk9-qt-dev:amd64 (9.1.0+really9.1.0+dfsg2-7.1build3) ...
#8 196.0 Setting up libpcl-dev (1.14.0+dfsg-1) ...
#8 196.0 Setting up ros-jazzy-pcl-conversions (2.6.4-1noble.20260412.045759) ...
#8 196.0 Setting up ros-jazzy-cartographer-ros (2.0.9003-2noble.20260412.051806) ...
#8 196.1 Processing triggers for libc-bin (2.39-0ubuntu8.7) ...
#8 196.4 /usr/bin/rosdep:6: DeprecationWarning: pkg_resources is deprecated as an API. See https://setuptools.pypa.io/en/latest/pkg_resources.html
#8 196.4   from pkg_resources import load_entry_point
#8 196.6 Warning: running 'rosdep update' as root is not recommended.
#8 196.6   You should run 'sudo rosdep fix-permissions' and invoke 'rosdep update' again without sudo.
#8 201.0 reading in sources list data from /etc/ros/rosdep/sources.list.d
#8 201.0 Hit https://raw.githubusercontent.com/ros/rosdistro/master/rosdep/osx-homebrew.yaml
#8 201.0 Hit https://raw.githubusercontent.com/ros/rosdistro/master/rosdep/base.yaml
#8 201.0 Hit https://raw.githubusercontent.com/ros/rosdistro/master/rosdep/python.yaml
#8 201.0 Hit https://raw.githubusercontent.com/ros/rosdistro/master/rosdep/ruby.yaml
#8 201.0 Hit https://raw.githubusercontent.com/ros/rosdistro/master/releases/fuerte.yaml
#8 201.0 Query rosdistro index https://raw.githubusercontent.com/ros/rosdistro/master/index-v4.yaml
#8 201.0 Skip distro "ardent" different from requested "jazzy"
#8 201.0 Skip distro "bouncy" different from requested "jazzy"
#8 201.0 Skip distro "crystal" different from requested "jazzy"
#8 201.0 Skip distro "dashing" different from requested "jazzy"
#8 201.0 Skip distro "eloquent" different from requested "jazzy"
#8 201.0 Skip distro "foxy" different from requested "jazzy"
#8 201.0 Skip distro "galactic" different from requested "jazzy"
#8 201.0 Skip distro "groovy" different from requested "jazzy"
#8 201.0 Skip distro "humble" different from requested "jazzy"
#8 201.0 Skip distro "hydro" different from requested "jazzy"
#8 201.0 Skip distro "indigo" different from requested "jazzy"
#8 201.0 Skip distro "iron" different from requested "jazzy"
#8 201.0 Skip distro "jade" different from requested "jazzy"
#8 201.0 Add distro "jazzy"
#8 201.0 Skip distro "kilted" different from requested "jazzy"
#8 201.0 Skip distro "kinetic" different from requested "jazzy"
#8 201.0 Skip distro "lunar" different from requested "jazzy"
#8 201.0 Skip distro "lyrical" different from requested "jazzy"
#8 201.0 Skip distro "melodic" different from requested "jazzy"
#8 201.0 Skip distro "noetic" different from requested "jazzy"
#8 201.0 Skip distro "rolling" different from requested "jazzy"
#8 201.0 updated cache in /root/.ros/rosdep/sources.cache
#8 209.5 fetching default: https://raw.githubusercontent.com/colcon/colcon-mixin-repository/master/index.yaml ...
#8 209.5   fetching https://raw.githubusercontent.com/colcon/colcon-mixin-repository/master/asan.mixin ...
#8 209.5   . /root/.colcon/mixin/default/asan.mixin
#8 209.5   fetching https://raw.githubusercontent.com/colcon/colcon-mixin-repository/master/build-testing.mixin ...
#8 209.5   . /root/.colcon/mixin/default/build-testing.mixin
#8 209.5   fetching https://raw.githubusercontent.com/colcon/colcon-mixin-repository/master/build-type.mixin ...
#8 209.5   . /root/.colcon/mixin/default/build-type.mixin
#8 209.5   fetching https://raw.githubusercontent.com/colcon/colcon-mixin-repository/master/ccache.mixin ...
#8 209.5   . /root/.colcon/mixin/default/ccache.mixin
#8 209.5   fetching https://raw.githubusercontent.com/colcon/colcon-mixin-repository/master/clang.mixin ...
#8 209.5   . /root/.colcon/mixin/default/clang.mixin
#8 209.5   fetching https://raw.githubusercontent.com/colcon/colcon-mixin-repository/master/clang-libcxx.mixin ...
#8 209.5   . /root/.colcon/mixin/default/clang-libcxx.mixin
#8 209.5   fetching https://raw.githubusercontent.com/colcon/colcon-mixin-repository/master/compile-commands.mixin ...
#8 209.5   . /root/.colcon/mixin/default/compile-commands.mixin
#8 209.5   fetching https://raw.githubusercontent.com/colcon/colcon-mixin-repository/master/coverage.mixin ...
#8 209.5   . /root/.colcon/mixin/default/coverage.mixin
#8 209.5   fetching https://raw.githubusercontent.com/colcon/colcon-mixin-repository/master/gold.mixin ...
#8 209.5   . /root/.colcon/mixin/default/gold.mixin
#8 209.5   fetching https://raw.githubusercontent.com/colcon/colcon-mixin-repository/master/instrument-functions.mixin ...
#8 209.5   . /root/.colcon/mixin/default/instrument-functions.mixin
#8 209.5   fetching https://raw.githubusercontent.com/colcon/colcon-mixin-repository/master/lld.mixin ...
#8 209.5   . /root/.colcon/mixin/default/lld.mixin
#8 209.5   fetching https://raw.githubusercontent.com/colcon/colcon-mixin-repository/master/memcheck.mixin ...
#8 209.5   . /root/.colcon/mixin/default/memcheck.mixin
#8 209.5   fetching https://raw.githubusercontent.com/colcon/colcon-mixin-repository/master/mold.mixin ...
#8 209.5   . /root/.colcon/mixin/default/mold.mixin
#8 209.5   fetching https://raw.githubusercontent.com/colcon/colcon-mixin-repository/master/ninja.mixin ...
#8 209.5   . /root/.colcon/mixin/default/ninja.mixin
#8 209.5   fetching https://raw.githubusercontent.com/colcon/colcon-mixin-repository/master/sccache.mixin ...
#8 209.5   . /root/.colcon/mixin/default/sccache.mixin
#8 209.5   fetching https://raw.githubusercontent.com/colcon/colcon-mixin-repository/master/shared.mixin ...
#8 209.5   . /root/.colcon/mixin/default/shared.mixin
#8 209.5   fetching https://raw.githubusercontent.com/colcon/colcon-mixin-repository/master/test-linters.mixin ...
#8 209.5   . /root/.colcon/mixin/default/test-linters.mixin
#8 209.5   fetching https://raw.githubusercontent.com/colcon/colcon-mixin-repository/master/tsan.mixin ...
#8 209.5   . /root/.colcon/mixin/default/tsan.mixin
#8 209.5   fetching https://raw.githubusercontent.com/colcon/colcon-mixin-repository/master/time-trace.mixin ...
#8 209.5   . /root/.colcon/mixin/default/time-trace.mixin
#8 211.5 fetching default: https://raw.githubusercontent.com/colcon/colcon-metadata-repository/master/index.yaml ...
#8 211.5   fetching https://raw.githubusercontent.com/colcon/colcon-metadata-repository/master/fastdds.meta ...
#8 211.5   . /root/.colcon/metadata/default/fastdds.meta
#8 211.5   fetching https://raw.githubusercontent.com/colcon/colcon-metadata-repository/master/fastrtps.meta ...
#8 211.5   . /root/.colcon/metadata/default/fastrtps.meta
#8 211.5   fetching https://raw.githubusercontent.com/colcon/colcon-metadata-repository/master/Gazebo.meta ...
#8 211.5   . /root/.colcon/metadata/default/Gazebo.meta
#8 DONE 211.7s

#9 [5/8] RUN pip3 install --break-system-packages --no-cache-dir --ignore-installed ultralytics opencv-python "numpy<2" scipy
#9 1.645 Collecting ultralytics
#9 1.844   Downloading ultralytics-8.4.69-py3-none-any.whl.metadata (41 kB)
#9 1.888      ━━━━━━━━━━━━━━━━━━━━━━━━━━━━━━━━━━━━━━━ 41.3/41.3 kB 931.3 kB/s eta 0:00:00
#9 2.096 Collecting opencv-python
#9 2.159   Downloading opencv_python-4.13.0.92-cp37-abi3-manylinux_2_28_x86_64.whl.metadata (19 kB)
#9 2.650 Collecting numpy<2
#9 2.692   Downloading numpy-1.26.4-cp312-cp312-manylinux_2_17_x86_64.manylinux2014_x86_64.whl.metadata (61 kB)
#9 2.794      ━━━━━━━━━━━━━━━━━━━━━━━━━━━━━━━━━━━━━━━ 61.0/61.0 kB 712.1 kB/s eta 0:00:00
#9 3.176 Collecting scipy
#9 3.215   Downloading scipy-1.17.1-cp312-cp312-manylinux_2_27_x86_64.manylinux_2_28_x86_64.whl.metadata (62 kB)
#9 3.243      ━━━━━━━━━━━━━━━━━━━━━━━━━━━━━━━━━━━━━━━━ 62.1/62.1 kB 2.5 MB/s eta 0:00:00
#9 3.666 Collecting matplotlib>=3.3.0 (from ultralytics)
#9 3.711   Downloading matplotlib-3.11.0-cp312-cp312-manylinux2014_x86_64.manylinux_2_17_x86_64.whl.metadata (80 kB)
#9 3.739      ━━━━━━━━━━━━━━━━━━━━━━━━━━━━━━━━━━━━━━━━ 80.3/80.3 kB 2.8 MB/s eta 0:00:00
#9 4.196 Collecting pillow>=7.1.2 (from ultralytics)
#9 4.234   Downloading pillow-12.2.0-cp312-cp312-manylinux_2_27_x86_64.manylinux_2_28_x86_64.whl.metadata (8.8 kB)
#9 4.353 Collecting pyyaml>=5.3.1 (from ultralytics)
#9 4.398   Downloading pyyaml-6.0.3-cp312-cp312-manylinux2014_x86_64.manylinux_2_17_x86_64.manylinux_2_28_x86_64.whl.metadata (2.4 kB)
#9 4.500 Collecting requests>=2.23.0 (from ultralytics)
#9 4.542   Downloading requests-2.34.2-py3-none-any.whl.metadata (4.8 kB)
#9 4.694 Collecting torch>=1.8.0 (from ultralytics)
#9 4.737   Downloading torch-2.12.0-cp312-cp312-manylinux_2_28_x86_64.whl.metadata (31 kB)
#9 4.862 Collecting torchvision>=0.9.0 (from ultralytics)
#9 4.902   Downloading torchvision-0.27.0-cp312-cp312-manylinux_2_28_x86_64.whl.metadata (5.5 kB)
#9 5.243 Collecting psutil>=5.8.0 (from ultralytics)
#9 5.282   Downloading psutil-7.2.2-cp36-abi3-manylinux2010_x86_64.manylinux_2_12_x86_64.manylinux_2_28_x86_64.whl.metadata (22 kB)
#9 5.709 Collecting polars>=0.20.0 (from ultralytics)
#9 5.760   Downloading polars-1.41.2-py3-none-any.whl.metadata (10 kB)
#9 5.842 Collecting nvidia-ml-py>=12.0.0 (from ultralytics)
#9 5.905   Downloading nvidia_ml_py-13.610.43-py3-none-any.whl.metadata (9.7 kB)
#9 5.982 Collecting ultralytics-thop>=2.0.18 (from ultralytics)
#9 6.028   Downloading ultralytics_thop-2.0.20-py3-none-any.whl.metadata (14 kB)
#9 6.061 INFO: pip is looking at multiple versions of opencv-python to determine which version is compatible with other requirements. This could take a while.
#9 6.074 Collecting opencv-python
#9 6.112   Downloading opencv_python-4.13.0.90-cp37-abi3-manylinux_2_28_x86_64.whl.metadata (19 kB)
#9 6.179   Downloading opencv_python-4.12.0.88-cp37-abi3-manylinux2014_x86_64.manylinux_2_17_x86_64.whl.metadata (19 kB)
#9 6.254   Downloading opencv_python-4.11.0.86-cp37-abi3-manylinux_2_17_x86_64.manylinux2014_x86_64.whl.metadata (20 kB)
#9 6.625 Collecting contourpy>=1.0.1 (from matplotlib>=3.3.0->ultralytics)
#9 6.666   Downloading contourpy-1.3.3-cp312-cp312-manylinux_2_27_x86_64.manylinux_2_28_x86_64.whl.metadata (5.5 kB)
#9 6.716 Collecting cycler>=0.10 (from matplotlib>=3.3.0->ultralytics)
#9 6.759   Downloading cycler-0.12.1-py3-none-any.whl.metadata (3.8 kB)
#9 7.136 Collecting fonttools>=4.22.0 (from matplotlib>=3.3.0->ultralytics)
#9 7.175   Downloading fonttools-4.63.0-cp312-cp312-manylinux2014_x86_64.manylinux_2_17_x86_64.whl.metadata (118 kB)
#9 7.223      ━━━━━━━━━━━━━━━━━━━━━━━━━━━━━━━━━━━━━━━ 118.7/118.7 kB 2.5 MB/s eta 0:00:00
#9 7.402 Collecting kiwisolver>=1.3.1 (from matplotlib>=3.3.0->ultralytics)
#9 7.442   Downloading kiwisolver-1.5.0-cp312-cp312-manylinux2014_x86_64.manylinux_2_17_x86_64.whl.metadata (5.1 kB)
#9 7.550 Collecting packaging>=20.0 (from matplotlib>=3.3.0->ultralytics)
#9 7.601   Downloading packaging-26.2-py3-none-any.whl.metadata (3.5 kB)
#9 7.720 Collecting pyparsing>=3 (from matplotlib>=3.3.0->ultralytics)
#9 7.762   Downloading pyparsing-3.3.2-py3-none-any.whl.metadata (5.8 kB)
#9 7.844 Collecting python-dateutil>=2.7 (from matplotlib>=3.3.0->ultralytics)
#9 7.888   Downloading python_dateutil-2.9.0.post0-py2.py3-none-any.whl.metadata (8.4 kB)
#9 8.018 Collecting polars-runtime-32==1.41.2 (from polars>=0.20.0->ultralytics)
#9 8.063   Downloading polars_runtime_32-1.41.2-cp310-abi3-manylinux_2_17_x86_64.manylinux2014_x86_64.whl.metadata (1.5 kB)
#9 8.411 Collecting charset_normalizer<4,>=2 (from requests>=2.23.0->ultralytics)
#9 8.539   Downloading charset_normalizer-3.4.7-cp312-cp312-manylinux2014_x86_64.manylinux_2_17_x86_64.manylinux_2_28_x86_64.whl.metadata (40 kB)
#9 8.549      ━━━━━━━━━━━━━━━━━━━━━━━━━━━━━━━━━━━━━━━━ 40.9/40.9 kB 9.5 MB/s eta 0:00:00
#9 8.645 Collecting idna<4,>=2.5 (from requests>=2.23.0->ultralytics)
#9 8.690   Downloading idna-3.18-py3-none-any.whl.metadata (6.1 kB)
#9 8.802 Collecting urllib3<3,>=1.26 (from requests>=2.23.0->ultralytics)
#9 8.841   Downloading urllib3-2.7.0-py3-none-any.whl.metadata (6.9 kB)
#9 8.928 Collecting certifi>=2023.5.7 (from requests>=2.23.0->ultralytics)
#9 8.972   Downloading certifi-2026.5.20-py3-none-any.whl.metadata (2.5 kB)
#9 9.077 Collecting filelock (from torch>=1.8.0->ultralytics)
#9 9.115   Downloading filelock-3.29.4-py3-none-any.whl.metadata (2.0 kB)
#9 9.200 Collecting typing-extensions>=4.10.0 (from torch>=1.8.0->ultralytics)
#9 9.241   Downloading typing_extensions-4.15.0-py3-none-any.whl.metadata (3.3 kB)
#9 9.612 Collecting setuptools<82 (from torch>=1.8.0->ultralytics)
#9 9.653   Downloading setuptools-81.0.0-py3-none-any.whl.metadata (6.6 kB)
#9 9.723 Collecting sympy>=1.13.3 (from torch>=1.8.0->ultralytics)
#9 9.765   Downloading sympy-1.14.0-py3-none-any.whl.metadata (12 kB)
#9 9.858 Collecting networkx>=2.5.1 (from torch>=1.8.0->ultralytics)
#9 9.896   Downloading networkx-3.6.1-py3-none-any.whl.metadata (6.8 kB)
#9 9.967 Collecting jinja2 (from torch>=1.8.0->ultralytics)
#9 10.01   Downloading jinja2-3.1.6-py3-none-any.whl.metadata (2.9 kB)
#9 10.12 Collecting fsspec>=0.8.5 (from torch>=1.8.0->ultralytics)
#9 10.16   Downloading fsspec-2026.6.0-py3-none-any.whl.metadata (10 kB)
#9 10.22 Collecting cuda-toolkit==13.0.2 (from cuda-toolkit[cudart,cufft,cufile,cupti,curand,cusolver,cusparse,nvjitlink,nvrtc,nvtx]==13.0.2; platform_system == "Linux"->torch>=1.8.0->ultralytics)
#9 10.27   Downloading cuda_toolkit-13.0.2-py2.py3-none-any.whl.metadata (9.4 kB)
#9 10.34 Collecting nvidia-cublas<=13.1.1.3,>=13.1.0.3 (from torch>=1.8.0->ultralytics)
#9 10.39   Downloading nvidia_cublas-13.1.1.3-py3-none-manylinux_2_27_x86_64.whl.metadata (1.8 kB)
#9 10.48 Collecting cuda-bindings<14,>=13.0.3 (from torch>=1.8.0->ultralytics)
#9 10.52   Downloading cuda_bindings-13.3.1-cp312-cp312-manylinux_2_24_x86_64.manylinux_2_28_x86_64.whl.metadata (2.5 kB)
#9 10.59 Collecting nvidia-cudnn-cu13==9.20.0.48 (from torch>=1.8.0->ultralytics)
#9 10.64   Downloading nvidia_cudnn_cu13-9.20.0.48-py3-none-manylinux_2_27_x86_64.whl.metadata (1.9 kB)
#9 10.71 Collecting nvidia-cusparselt-cu13==0.8.1 (from torch>=1.8.0->ultralytics)
#9 10.75   Downloading nvidia_cusparselt_cu13-0.8.1-py3-none-manylinux2014_x86_64.whl.metadata (12 kB)
#9 10.80 Collecting nvidia-nccl-cu13==2.29.7 (from torch>=1.8.0->ultralytics)
#9 10.84   Downloading nvidia_nccl_cu13-2.29.7-py3-none-manylinux_2_18_x86_64.whl.metadata (2.1 kB)
#9 10.91 Collecting nvidia-nvshmem-cu13==3.4.5 (from torch>=1.8.0->ultralytics)
#9 10.94   Downloading nvidia_nvshmem_cu13-3.4.5-py3-none-manylinux2014_x86_64.manylinux_2_17_x86_64.whl.metadata (2.1 kB)
#9 11.04 Collecting triton==3.7.0 (from torch>=1.8.0->ultralytics)
#9 11.08   Downloading triton-3.7.0-cp312-cp312-manylinux_2_27_x86_64.manylinux_2_28_x86_64.whl.metadata (1.7 kB)
#9 11.37 Collecting nvidia-cuda-runtime==13.0.96.* (from cuda-toolkit[cudart,cufft,cufile,cupti,curand,cusolver,cusparse,nvjitlink,nvrtc,nvtx]==13.0.2; platform_system == "Linux"->torch>=1.8.0->ultralytics)
#9 11.41   Downloading nvidia_cuda_runtime-13.0.96-py3-none-manylinux2014_x86_64.manylinux_2_17_x86_64.whl.metadata (1.7 kB)
#9 11.49 Collecting nvidia-cufft==12.0.0.61.* (from cuda-toolkit[cudart,cufft,cufile,cupti,curand,cusolver,cusparse,nvjitlink,nvrtc,nvtx]==13.0.2; platform_system == "Linux"->torch>=1.8.0->ultralytics)
#9 11.53   Downloading nvidia_cufft-12.0.0.61-py3-none-manylinux2014_x86_64.manylinux_2_17_x86_64.whl.metadata (1.8 kB)
#9 11.59 Collecting nvidia-cufile==1.15.1.6.* (from cuda-toolkit[cudart,cufft,cufile,cupti,curand,cusolver,cusparse,nvjitlink,nvrtc,nvtx]==13.0.2; platform_system == "Linux"->torch>=1.8.0->ultralytics)
#9 11.63   Downloading nvidia_cufile-1.15.1.6-py3-none-manylinux2014_x86_64.manylinux_2_17_x86_64.whl.metadata (1.7 kB)
#9 11.70 Collecting nvidia-cuda-cupti==13.0.85.* (from cuda-toolkit[cudart,cufft,cufile,cupti,curand,cusolver,cusparse,nvjitlink,nvrtc,nvtx]==13.0.2; platform_system == "Linux"->torch>=1.8.0->ultralytics)
#9 11.74   Downloading nvidia_cuda_cupti-13.0.85-py3-none-manylinux_2_25_x86_64.whl.metadata (1.7 kB)
#9 11.81 Collecting nvidia-curand==10.4.0.35.* (from cuda-toolkit[cudart,cufft,cufile,cupti,curand,cusolver,cusparse,nvjitlink,nvrtc,nvtx]==13.0.2; platform_system == "Linux"->torch>=1.8.0->ultralytics)
#9 11.85   Downloading nvidia_curand-10.4.0.35-py3-none-manylinux_2_27_x86_64.whl.metadata (1.7 kB)
#9 11.93 Collecting nvidia-cusolver==12.0.4.66.* (from cuda-toolkit[cudart,cufft,cufile,cupti,curand,cusolver,cusparse,nvjitlink,nvrtc,nvtx]==13.0.2; platform_system == "Linux"->torch>=1.8.0->ultralytics)
#9 11.97   Downloading nvidia_cusolver-12.0.4.66-py3-none-manylinux_2_27_x86_64.whl.metadata (1.8 kB)
#9 12.03 Collecting nvidia-cusparse==12.6.3.3.* (from cuda-toolkit[cudart,cufft,cufile,cupti,curand,cusolver,cusparse,nvjitlink,nvrtc,nvtx]==13.0.2; platform_system == "Linux"->torch>=1.8.0->ultralytics)
#9 12.07   Downloading nvidia_cusparse-12.6.3.3-py3-none-manylinux2014_x86_64.manylinux_2_17_x86_64.whl.metadata (1.8 kB)
#9 12.14 Collecting nvidia-nvjitlink==13.0.88.* (from cuda-toolkit[cudart,cufft,cufile,cupti,curand,cusolver,cusparse,nvjitlink,nvrtc,nvtx]==13.0.2; platform_system == "Linux"->torch>=1.8.0->ultralytics)
#9 12.19   Downloading nvidia_nvjitlink-13.0.88-py3-none-manylinux2010_x86_64.manylinux_2_12_x86_64.whl.metadata (1.7 kB)
#9 12.27 Collecting nvidia-cuda-nvrtc==13.0.88.* (from cuda-toolkit[cudart,cufft,cufile,cupti,curand,cusolver,cusparse,nvjitlink,nvrtc,nvtx]==13.0.2; platform_system == "Linux"->torch>=1.8.0->ultralytics)
#9 12.31   Downloading nvidia_cuda_nvrtc-13.0.88-py3-none-manylinux2010_x86_64.manylinux_2_12_x86_64.whl.metadata (1.7 kB)
#9 12.38 Collecting nvidia-nvtx==13.0.85.* (from cuda-toolkit[cudart,cufft,cufile,cupti,curand,cusolver,cusparse,nvjitlink,nvrtc,nvtx]==13.0.2; platform_system == "Linux"->torch>=1.8.0->ultralytics)
#9 12.41   Downloading nvidia_nvtx-13.0.85-py3-none-manylinux1_x86_64.manylinux_2_5_x86_64.whl.metadata (1.8 kB)
#9 12.63 Collecting cuda-pathfinder>=1.4.2 (from cuda-bindings<14,>=13.0.3->torch>=1.8.0->ultralytics)
#9 12.67   Downloading cuda_pathfinder-1.5.5-py3-none-any.whl.metadata (1.9 kB)
#9 12.97 Collecting six>=1.5 (from python-dateutil>=2.7->matplotlib>=3.3.0->ultralytics)
#9 13.03   Downloading six-1.17.0-py2.py3-none-any.whl.metadata (1.7 kB)
#9 13.16 Collecting mpmath<1.4,>=1.1.0 (from sympy>=1.13.3->torch>=1.8.0->ultralytics)
#9 13.20   Downloading mpmath-1.3.0-py3-none-any.whl.metadata (8.6 kB)
#9 13.46 Collecting MarkupSafe>=2.0 (from jinja2->torch>=1.8.0->ultralytics)
#9 13.50   Downloading markupsafe-3.0.3-cp312-cp312-manylinux2014_x86_64.manylinux_2_17_x86_64.manylinux_2_28_x86_64.whl.metadata (2.7 kB)
#9 13.61 Downloading ultralytics-8.4.69-py3-none-any.whl (1.3 MB)
#9 14.02    ━━━━━━━━━━━━━━━━━━━━━━━━━━━━━━━━━━━━━━━━ 1.3/1.3 MB 3.3 MB/s eta 0:00:00
#9 14.06 Downloading opencv_python-4.11.0.86-cp37-abi3-manylinux_2_17_x86_64.manylinux2014_x86_64.whl (63.0 MB)
#9 19.62    ━━━━━━━━━━━━━━━━━━━━━━━━━━━━━━━━━━━━━━━━ 63.0/63.0 MB 15.4 MB/s eta 0:00:00
#9 19.66 Downloading numpy-1.26.4-cp312-cp312-manylinux_2_17_x86_64.manylinux2014_x86_64.whl (18.0 MB)
#9 21.06    ━━━━━━━━━━━━━━━━━━━━━━━━━━━━━━━━━━━━━━━━ 18.0/18.0 MB 13.4 MB/s eta 0:00:00
#9 21.11 Downloading scipy-1.17.1-cp312-cp312-manylinux_2_27_x86_64.manylinux_2_28_x86_64.whl (35.2 MB)
#9 23.86    ━━━━━━━━━━━━━━━━━━━━━━━━━━━━━━━━━━━━━━━━ 35.2/35.2 MB 12.0 MB/s eta 0:00:00
#9 23.90 Downloading matplotlib-3.11.0-cp312-cp312-manylinux2014_x86_64.manylinux_2_17_x86_64.whl (10.0 MB)
#9 24.80    ━━━━━━━━━━━━━━━━━━━━━━━━━━━━━━━━━━━━━━━━ 10.0/10.0 MB 11.3 MB/s eta 0:00:00
#9 24.86 Downloading nvidia_ml_py-13.610.43-py3-none-any.whl (53 kB)
#9 24.87    ━━━━━━━━━━━━━━━━━━━━━━━━━━━━━━━━━━━━━━━━ 53.2/53.2 kB 122.9 MB/s eta 0:00:00
#9 24.91 Downloading pillow-12.2.0-cp312-cp312-manylinux_2_27_x86_64.manylinux_2_28_x86_64.whl (7.1 MB)
#9 25.84    ━━━━━━━━━━━━━━━━━━━━━━━━━━━━━━━━━━━━━━━━ 7.1/7.1 MB 7.6 MB/s eta 0:00:00
#9 25.88 Downloading polars-1.41.2-py3-none-any.whl (833 kB)
#9 25.97    ━━━━━━━━━━━━━━━━━━━━━━━━━━━━━━━━━━━━━━━━ 833.4/833.4 kB 10.2 MB/s eta 0:00:00
#9 26.02 Downloading polars_runtime_32-1.41.2-cp310-abi3-manylinux_2_17_x86_64.manylinux2014_x86_64.whl (56.4 MB)
#9 32.26    ━━━━━━━━━━━━━━━━━━━━━━━━━━━━━━━━━━━━━━━━ 56.4/56.4 MB 12.0 MB/s eta 0:00:00
#9 32.30 Downloading psutil-7.2.2-cp36-abi3-manylinux2010_x86_64.manylinux_2_12_x86_64.manylinux_2_28_x86_64.whl (155 kB)
#9 32.33    ━━━━━━━━━━━━━━━━━━━━━━━━━━━━━━━━━━━━━━━━ 155.6/155.6 kB 6.0 MB/s eta 0:00:00
#9 32.38 Downloading pyyaml-6.0.3-cp312-cp312-manylinux2014_x86_64.manylinux_2_17_x86_64.manylinux_2_28_x86_64.whl (807 kB)
#9 32.44    ━━━━━━━━━━━━━━━━━━━━━━━━━━━━━━━━━━━━━━━━ 807.9/807.9 kB 16.1 MB/s eta 0:00:00
#9 32.49 Downloading requests-2.34.2-py3-none-any.whl (73 kB)
#9 32.49    ━━━━━━━━━━━━━━━━━━━━━━━━━━━━━━━━━━━━━━━━ 73.1/73.1 kB 212.9 MB/s eta 0:00:00
#9 32.53 Downloading torch-2.12.0-cp312-cp312-manylinux_2_28_x86_64.whl (532.3 MB)
#9 77.75    ━━━━━━━━━━━━━━━━━━━━━━━━━━━━━━━━━━━━━━━━ 532.3/532.3 MB 10.2 MB/s eta 0:00:00
#9 77.79 Downloading cuda_toolkit-13.0.2-py2.py3-none-any.whl (2.4 kB)
#9 77.84 Downloading nvidia_cudnn_cu13-9.20.0.48-py3-none-manylinux_2_27_x86_64.whl (366.2 MB)
#9 105.9    ━━━━━━━━━━━━━━━━━━━━━━━━━━━━━━━━━━━━━━━━ 366.2/366.2 MB 13.1 MB/s eta 0:00:00
#9 105.9 Downloading nvidia_cusparselt_cu13-0.8.1-py3-none-manylinux2014_x86_64.whl (170.1 MB)
#9 120.7    ━━━━━━━━━━━━━━━━━━━━━━━━━━━━━━━━━━━━━━━━ 170.1/170.1 MB 9.0 MB/s eta 0:00:00
#9 120.7 Downloading nvidia_nccl_cu13-2.29.7-py3-none-manylinux_2_18_x86_64.whl (206.0 MB)
#9 137.7    ━━━━━━━━━━━━━━━━━━━━━━━━━━━━━━━━━━━━━━━━ 206.0/206.0 MB 10.4 MB/s eta 0:00:00
#9 137.7 Downloading nvidia_nvshmem_cu13-3.4.5-py3-none-manylinux2014_x86_64.manylinux_2_17_x86_64.whl (60.4 MB)
#9 143.9    ━━━━━━━━━━━━━━━━━━━━━━━━━━━━━━━━━━━━━━━━ 60.4/60.4 MB 10.0 MB/s eta 0:00:00
#9 144.0 Downloading triton-3.7.0-cp312-cp312-manylinux_2_27_x86_64.manylinux_2_28_x86_64.whl (201.5 MB)
#9 161.2    ━━━━━━━━━━━━━━━━━━━━━━━━━━━━━━━━━━━━━━━━ 201.5/201.5 MB 14.6 MB/s eta 0:00:00
#9 161.2 Downloading nvidia_cuda_cupti-13.0.85-py3-none-manylinux_2_25_x86_64.whl (10.7 MB)
#9 162.0    ━━━━━━━━━━━━━━━━━━━━━━━━━━━━━━━━━━━━━━━━ 10.7/10.7 MB 12.9 MB/s eta 0:00:00
#9 162.1 Downloading nvidia_cuda_nvrtc-13.0.88-py3-none-manylinux2010_x86_64.manylinux_2_12_x86_64.whl (90.2 MB)
